node	device	title	fileKey	page
10324-107023	desktop	Skai > Social > create story 1VH (1440 x 900px)	3sSzw1KewMtUbeLAv7uW0r	✅ Social
10328-199155	desktop	Skai > Social > create story > prepare story > posting 1VH (1440 x 900px)	3sSzw1KewMtUbeLAv7uW0r	✅ Social
10324-107730	desktop	Skai > Social > create story > prepare story 1VH (1440 x 900px)	3sSzw1KewMtUbeLAv7uW0r	✅ Social
11442-174134	mobile	Skai > Social > create story 1VH (375 x 812px)	3sSzw1KewMtUbeLAv7uW0r	✅ Social
11442-175333	mobile	Skai > Social > create story > prepare story > posting 1VH (375 x 812px)	3sSzw1KewMtUbeLAv7uW0r	✅ Social
11442-174603	mobile	Skai > Social > create story > prepare story 1VH (375 x 812px)	3sSzw1KewMtUbeLAv7uW0r	✅ Social
11442-165902	tablet	Skai > Social > create story 1VH (768 x 1024px)	3sSzw1KewMtUbeLAv7uW0r	✅ Social
11442-167339	tablet	Skai > Social > create story > prepare story > posting 1VH (768 x 1024px)	3sSzw1KewMtUbeLAv7uW0r	✅ Social
11442-166576	tablet	Skai > Social > create story > prepare story 1VH (768 x 1024px)	3sSzw1KewMtUbeLAv7uW0r	✅ Social
