9003-112415	Directory
9003-112421	Breakpoint
9003-112423	Rectangle 147
9003-112424	Breakpoint
9003-112426	Breakpoint
9003-117337	Skai > Play > Casino > Blackjack (1440 x 900px)
9003-118852	Skai > Play > Casino > Blackjack (768 x 1024px)
9003-119356	Skai > Play > Casino > Blackjack (768 x 1024px)
9003-119858	Skai > Play > Casino > Blackjack (375 x 812px)
9178-4037	Mid Game button actions
9178-8446	Side Bet Tab
9178-8439	Pointer
9178-4169	Desktop
9178-8146	Desktop Start
9178-6080	Desktop Split
9178-9840	Mobile
9178-10465	Side Bet Mobile
9178-10677	Desktop
9178-12508	Desktop
10120-2358	Screenshot 2026-08-18 at 11.14.31 PM 1
10358-10260	Blackjack Desktop
10404-2119	Blackjack Desktop
10404-2125	Frame 1000004104
