# bug-node-index.tsv - LAYER D: every Figma node-id referenced by an OPEN bug report,
# resolved to {type, name, depth, owning screen, page, catalog section}.
#
# Built 2026-08-13 from: open bug_reports (status in new/needs_info/backlog/reopened/in_progress)
# with a non-empty figma_link -> 488 reports / 445 distinct links / 430 distinct (fileKey,node) pairs.
# Resolution method: figma.getNodeByIdAsync(id), then walk .parent to the PAGE and record the
# last node before it as the owning screen. This is the layer-D method CATALOG_DESIGN.md specifies.
#
# WHY THIS FILE EXISTS: the catalog indexes top-level children of a page (whole screens), but
# reporters link to the thing that is wrong - a panel, modal or button nested 1-12 levels deep.
# Before this file, 332 of 430 bug-linked nodes (77%) resolved to nothing in the catalog.
#
# status column:
#   screen   = the link points at a catalogued top-level screen (depth 0)
#   child    = a descendant of a catalogued screen, resolved in the file the link named
#   retarget = resolved in a DIFFERENT file than the link named - the link file key is STALE.
#              Use resolvedFileKey, not linkFileKey. See FILE_ROUTING.md.
#   alias    = already covered by a bugref-aliases.tsv row
#   gone     = resolves in NEITHER product file NOR the Games file. Deleted upstream in Figma.
#              Verified twice, via getNodeByIdAsync and via get_metadata. Do not treat these as
#              a coverage gap and do not go looking for them - the design node no longer exists.
#
# 2026-08-13 CORRECTION (wave-4 trench lane): four rows below were marked `alias` onto
#   parents 9899-106438 / 9896-104373 / 9893-94731. Those PARENTS do not resolve either.
#   Probed with figma.getNodeByIdAsync on BOTH product files, with 13006-212012 /
#   13006-210578 as a positive control (both found, page '✅ Trade 2'). All seven ids
#   returned null in both files, so 9899-106439 / 9899-106541 / 9902-114827 /
#   9902-115168 are now `gone`. An `alias` row whose target is itself dead sends the
#   next reader looking for a frame that does not exist.
# depth = levels between the referenced node and its owning screen (0 = the screen itself).
# openRefs = number of OPEN bug reports pointing at this (linkFileKey,node) pair.
#
refNode	linkFileKey	resolvedFileKey	status	section	type	name	depth	page	owningScreenNode	owningScreenTitle	openRefs
9003-94184	M6r9FEn042UWTQD1zvy6GM	M6r9FEn042UWTQD1zvy6GM	child	crash	FRAME	Frame 270	6	✅ Crash - Skai originals	9003-94116	Skai > Play > Casino > Crash (1440 x 900px)	11
13006-134371	mhF3BkzlTaGiLzJ7kvpmVc	mhF3BkzlTaGiLzJ7kvpmVc	child	trade-2	FRAME	Frame 373	7	✅ Trade 2	13006-134301	Skai > Trench 1VH (1440 x 900px)	6
13006-146274	mhF3BkzlTaGiLzJ7kvpmVc	mhF3BkzlTaGiLzJ7kvpmVc	child	trade-2	FRAME	Frame 456	4	✅ Trade 2	13006-146233	Skai > Launch 1VH (1440 x 900px)	5
9142-19554	M6r9FEn042UWTQD1zvy6GM	M6r9FEn042UWTQD1zvy6GM	child	crash	FRAME	Desktop	6	✅ Crash - Skai originals	9003-94116	Skai > Play > Casino > Crash (1440 x 900px)	4
13008-113503	mhF3BkzlTaGiLzJ7kvpmVc	mhF3BkzlTaGiLzJ7kvpmVc	child	home-2	FRAME	Frame 228	8	✅ Home 2	13008-113481	Skai > Pro > checkout - send tokens - step 1 1VH (1440 x 900px)	3
9112-12984	3sSzw1KewMtUbeLAv7uW0r	3sSzw1KewMtUbeLAv7uW0r	child	play	FRAME	Main container	4	✅ Play	4711-28434	Skai > Play > Casino (1440 x 900px)	3
3550-4729	3sSzw1KewMtUbeLAv7uW0r	3sSzw1KewMtUbeLAv7uW0r	child	predict	FRAME	main	1	✅ Predict	3550-4727	Skai > Predict > Tech (1440 x 900px)	3
3154-5004	3sSzw1KewMtUbeLAv7uW0r		gone								2
3154-5283	3sSzw1KewMtUbeLAv7uW0r		gone								2
4446-118388	3sSzw1KewMtUbeLAv7uW0r		gone								2
7816-39113	3sSzw1KewMtUbeLAv7uW0r		gone								2
8493-31691	3sSzw1KewMtUbeLAv7uW0r		gone								2
2713-4510	mhF3BkzlTaGiLzJ7kvpmVc	mhF3BkzlTaGiLzJ7kvpmVc	child	home	FRAME	modal	2	✅ Home 1	2713-4425	Skai > Home - welcome > onboarding Qs - load effect > Quests 1VH (1440 x 900px)	2
2735-25302	mhF3BkzlTaGiLzJ7kvpmVc	mhF3BkzlTaGiLzJ7kvpmVc	child	home	FRAME	Frame 41	4	✅ Home 1	2735-25298	Skai > Home > Add > upload image 1VH (1440 x 900px)	2
5778-33823	3sSzw1KewMtUbeLAv7uW0r	mhF3BkzlTaGiLzJ7kvpmVc	retarget	home	FRAME	Frame 344	2	✅ Home 1	5778-29088	Skai > Home - welcome > onboarding Qs - with default PFP 1 1VH (1440 x 900px)	2
4911-89072	3sSzw1KewMtUbeLAv7uW0r	3sSzw1KewMtUbeLAv7uW0r	screen	play	(catalogued frame)	content	0	✅ Play	4911-89072	content	2
4911-89419	3sSzw1KewMtUbeLAv7uW0r	3sSzw1KewMtUbeLAv7uW0r	screen	play	(catalogued frame)	Skai > Play > Sportsbook > My bets - with values (1440 x 900px)	0	✅ Play	4911-89419	Skai > Play > Sportsbook > My bets - with values (1440 x 900px)	2
4914-99876	3sSzw1KewMtUbeLAv7uW0r	3sSzw1KewMtUbeLAv7uW0r	screen	play	(catalogued frame)	Skai > Play > Sportsbook - right sidepanel / betslip 1VH (1440 x 900px)	0	✅ Play	4914-99876	Skai > Play > Sportsbook - right sidepanel / betslip 1VH (1440 x 900px)	2
3538-22737	3sSzw1KewMtUbeLAv7uW0r	3sSzw1KewMtUbeLAv7uW0r	child	predict	FRAME	main	1	✅ Predict	3538-22735	Skai > Predict > Crypto (1440 x 900px)	2
3546-25570	3sSzw1KewMtUbeLAv7uW0r	3sSzw1KewMtUbeLAv7uW0r	child	predict	FRAME	main	1	✅ Predict	3546-25568	Skai > Predict > Finance (1440 x 900px)	2
8575-81619	3sSzw1KewMtUbeLAv7uW0r	3sSzw1KewMtUbeLAv7uW0r	screen	predict	(catalogued frame)	Header-two-layer - with line divider	0	✅ Predict	8575-81619	Header-two-layer - with line divider	2
8583-127821	3sSzw1KewMtUbeLAv7uW0r	3sSzw1KewMtUbeLAv7uW0r	child	predict	FRAME	main	1	✅ Predict	8583-127820	Skai > Predict 1VH (1440 x 900px)	2
8583-128098	3sSzw1KewMtUbeLAv7uW0r	3sSzw1KewMtUbeLAv7uW0r	child	predict	FRAME	Frame 403	2	✅ Predict	8583-127820	Skai > Predict 1VH (1440 x 900px)	2
8610-163972	3sSzw1KewMtUbeLAv7uW0r	3sSzw1KewMtUbeLAv7uW0r	screen	predict	(catalogued frame)	Skai > Predict (1440 x 900px)	0	✅ Predict	8610-163972	Skai > Predict (1440 x 900px)	2
8909-136859	3sSzw1KewMtUbeLAv7uW0r	3sSzw1KewMtUbeLAv7uW0r	child	predict	FRAME	sidebar - open - predict	1	✅ Predict	3538-22735	Skai > Predict > Crypto (1440 x 900px)	2
3928-65734	mhF3BkzlTaGiLzJ7kvpmVc	mhF3BkzlTaGiLzJ7kvpmVc	child	trade	FRAME	Frame 6	3	✅ Trade 1	3903-21478	Skai > Trade > Perpetual futures 1VH (1440 x 900px)	2
3928-76140	mhF3BkzlTaGiLzJ7kvpmVc	mhF3BkzlTaGiLzJ7kvpmVc	child	trade	FRAME	main	1	✅ Trade 1	3903-24462	Skai > Trade > Perpetual futures (1440 x 900px)	2
9780-156254	3sSzw1KewMtUbeLAv7uW0r	mhF3BkzlTaGiLzJ7kvpmVc	alias	trade	(alias)		1	✅ Trade 1	9042-164814	Skai > Trade > Spot - full 1VH (768 x 1024px)	2
13006-135564	mhF3BkzlTaGiLzJ7kvpmVc	mhF3BkzlTaGiLzJ7kvpmVc	child	trade-2	INSTANCE	CTA/button	5	✅ Trade 2	13006-134301	Skai > Trench 1VH (1440 x 900px)	2
13006-146236	mhF3BkzlTaGiLzJ7kvpmVc	mhF3BkzlTaGiLzJ7kvpmVc	child	trade-2	FRAME	Frame 337	3	✅ Trade 2	13006-146233	Skai > Launch 1VH (1440 x 900px)	2
13006-158489	mhF3BkzlTaGiLzJ7kvpmVc	mhF3BkzlTaGiLzJ7kvpmVc	child	trade-2	FRAME	Right menu	1	✅ Trade 2	13006-155671	Skai > Trench > Display settings 1VH (1440 x 900px)	2
13006-165048	mhF3BkzlTaGiLzJ7kvpmVc	mhF3BkzlTaGiLzJ7kvpmVc	child	trade-2	FRAME	Right menu	1	✅ Trade 2	13006-162230	Skai > Trench > Hotkeys 1VH (1440 x 900px)	2
13006-219554	mhF3BkzlTaGiLzJ7kvpmVc	mhF3BkzlTaGiLzJ7kvpmVc	child	trade-2	FRAME	Right menu	1	✅ Trade 2	13006-217349	Skai > Trench > Trade > Instant trade settings 1VH (1440 x 900px)	2
7482-144845	mhF3BkzlTaGiLzJ7kvpmVc	mhF3BkzlTaGiLzJ7kvpmVc	child	wallet	FRAME	modal	2	✅ Wallet 1	7482-144645	Skai > Wallet > continue on web > home > right-sidecar > Add wallet > Import existing > Keystone 1VH (1440 x 900px)	2
7491-148664	mhF3BkzlTaGiLzJ7kvpmVc	mhF3BkzlTaGiLzJ7kvpmVc	child	wallet	FRAME	Main container	2	✅ Wallet 1	7491-148345	Skai > Wallet > continue on web > home - skin 2 > Share net worth 1VH (1440 x 900px)	2
13008-36597	mhF3BkzlTaGiLzJ7kvpmVc	mhF3BkzlTaGiLzJ7kvpmVc	child	wallet-2	FRAME	search tokens	3	✅ Wallet 2	13008-36562	Skai > Wallet > continue on web > home > request with QR - step 1 1VH (1440 x 900px)	2
3154-4650	3sSzw1KewMtUbeLAv7uW0r		gone								1
3154-4920	3sSzw1KewMtUbeLAv7uW0r		gone								1
3154-4968	3sSzw1KewMtUbeLAv7uW0r		gone								1
3154-5282	3sSzw1KewMtUbeLAv7uW0r		gone								1
3154-5308	3sSzw1KewMtUbeLAv7uW0r		gone								1
3154-5577	3sSzw1KewMtUbeLAv7uW0r		gone								1
3154-5581	3sSzw1KewMtUbeLAv7uW0r		gone								1
3161-19177	3sSzw1KewMtUbeLAv7uW0r		gone								1
3161-3785	3sSzw1KewMtUbeLAv7uW0r		gone								1
3161-4082	3sSzw1KewMtUbeLAv7uW0r		gone								1
3161-4184	3sSzw1KewMtUbeLAv7uW0r		gone								1
3164-22302	3sSzw1KewMtUbeLAv7uW0r	3sSzw1KewMtUbeLAv7uW0r	alias		(alias)		1		3163-21998		1
3164-22925	3sSzw1KewMtUbeLAv7uW0r	3sSzw1KewMtUbeLAv7uW0r	alias		(alias)		1		3164-22754		1
3166-25085	3sSzw1KewMtUbeLAv7uW0r	3sSzw1KewMtUbeLAv7uW0r	alias		(alias)		1		3166-24676		1
4026-53897	3sSzw1KewMtUbeLAv7uW0r		gone								1
4026-56337	3sSzw1KewMtUbeLAv7uW0r		gone								1
4141-59573	3sSzw1KewMtUbeLAv7uW0r		gone								1
4341-23128	3sSzw1KewMtUbeLAv7uW0r		gone								1
4414-84461	3sSzw1KewMtUbeLAv7uW0r		gone								1
4423-102582	3sSzw1KewMtUbeLAv7uW0r		gone								1
4423-104542	3sSzw1KewMtUbeLAv7uW0r		gone								1
4423-106436	3sSzw1KewMtUbeLAv7uW0r		gone								1
4423-90854	3sSzw1KewMtUbeLAv7uW0r		gone								1
4423-91869	3sSzw1KewMtUbeLAv7uW0r		gone								1
4423-94942	3sSzw1KewMtUbeLAv7uW0r		gone								1
4437-116944	3sSzw1KewMtUbeLAv7uW0r		gone								1
5965-54827	3sSzw1KewMtUbeLAv7uW0r		gone								1
6001-56374	3sSzw1KewMtUbeLAv7uW0r		gone								1
6244-46760	3sSzw1KewMtUbeLAv7uW0r		gone								1
6244-77476	3sSzw1KewMtUbeLAv7uW0r		gone								1
6244-92568	3sSzw1KewMtUbeLAv7uW0r		gone								1
7528-156353	3sSzw1KewMtUbeLAv7uW0r		gone								1
7528-159211	3sSzw1KewMtUbeLAv7uW0r		gone								1
7532-161697	3sSzw1KewMtUbeLAv7uW0r	3sSzw1KewMtUbeLAv7uW0r	alias		(alias)		1		3163-21315		1
7532-161713	3sSzw1KewMtUbeLAv7uW0r		gone								1
7816-50391	3sSzw1KewMtUbeLAv7uW0r		gone								1
7816-50723	3sSzw1KewMtUbeLAv7uW0r		gone								1
7838-54566	3sSzw1KewMtUbeLAv7uW0r		gone								1
7909-47219	3sSzw1KewMtUbeLAv7uW0r		gone								1
8050-140510	3sSzw1KewMtUbeLAv7uW0r		gone								1
8092-153942	3sSzw1KewMtUbeLAv7uW0r		gone								1
8092-154055	3sSzw1KewMtUbeLAv7uW0r		gone								1
8110-175712	3sSzw1KewMtUbeLAv7uW0r		gone								1
8200-50476	3sSzw1KewMtUbeLAv7uW0r		gone								1
8489-65908	3sSzw1KewMtUbeLAv7uW0r		gone								1
8489-65970	3sSzw1KewMtUbeLAv7uW0r		gone								1
8489-68524	3sSzw1KewMtUbeLAv7uW0r		gone								1
8489-68562	3sSzw1KewMtUbeLAv7uW0r		gone								1
8493-107515	3sSzw1KewMtUbeLAv7uW0r		gone								1
8493-33199	3sSzw1KewMtUbeLAv7uW0r		gone								1
8493-34777	3sSzw1KewMtUbeLAv7uW0r		gone								1
8493-34859	3sSzw1KewMtUbeLAv7uW0r		gone								1
8493-43360	3sSzw1KewMtUbeLAv7uW0r		gone								1
8493-43383	3sSzw1KewMtUbeLAv7uW0r		gone								1
9225-85196	3sSzw1KewMtUbeLAv7uW0r		gone								1
9346-97041	3sSzw1KewMtUbeLAv7uW0r	3sSzw1KewMtUbeLAv7uW0r	alias		(alias)		1		9346-96983		1
9695-96107	3sSzw1KewMtUbeLAv7uW0r		gone								1
9899-106439	3sSzw1KewMtUbeLAv7uW0r		gone								1
9899-106541	3sSzw1KewMtUbeLAv7uW0r		gone								1
9902-114827	3sSzw1KewMtUbeLAv7uW0r		gone								1
9902-115168	3sSzw1KewMtUbeLAv7uW0r		gone								1
9003-117339	M6r9FEn042UWTQD1zvy6GM	M6r9FEn042UWTQD1zvy6GM	child	blackjack	FRAME	main	1	✅ Blackjack - Skai originals	9003-117337	Skai > Play > Casino > Blackjack (1440 x 900px)	1
9003-117609	M6r9FEn042UWTQD1zvy6GM	M6r9FEn042UWTQD1zvy6GM	child	blackjack	FRAME	Frame 27	6	✅ Blackjack - Skai originals	9003-117337	Skai > Play > Casino > Blackjack (1440 x 900px)	1
9003-117620	M6r9FEn042UWTQD1zvy6GM	M6r9FEn042UWTQD1zvy6GM	child	blackjack	FRAME	Cards ALT - Chicken	8	✅ Blackjack - Skai originals	9003-117337	Skai > Play > Casino > Blackjack (1440 x 900px)	1
9003-117732	M6r9FEn042UWTQD1zvy6GM	M6r9FEn042UWTQD1zvy6GM	child	blackjack	FRAME	Main container	4	✅ Blackjack - Skai originals	9003-117337	Skai > Play > Casino > Blackjack (1440 x 900px)	1
9003-117914	M6r9FEn042UWTQD1zvy6GM	M6r9FEn042UWTQD1zvy6GM	child	blackjack	FRAME	main	6	✅ Blackjack - Skai originals	9003-117337	Skai > Play > Casino > Blackjack (1440 x 900px)	1
9178-8257	M6r9FEn042UWTQD1zvy6GM	M6r9FEn042UWTQD1zvy6GM	child	blackjack	FRAME	Desktop	6	✅ Blackjack - Skai originals	9003-117337	Skai > Play > Casino > Blackjack (1440 x 900px)	1
9178-9690	M6r9FEn042UWTQD1zvy6GM	M6r9FEn042UWTQD1zvy6GM	child	blackjack	FRAME	Frame 1000004041	5	✅ Blackjack - Skai originals	9003-117337	Skai > Play > Casino > Blackjack (1440 x 900px)	1
9003-130681	M6r9FEn042UWTQD1zvy6GM	M6r9FEn042UWTQD1zvy6GM	child	coinflip	FRAME	Frame 1000004013	6	✅ Coinflip - Skai originals	9003-130613	Skai > Play > Casino > Coinflip (1440 x 900px)	1
9003-130717	M6r9FEn042UWTQD1zvy6GM	M6r9FEn042UWTQD1zvy6GM	child	coinflip	FRAME	Frame 275	8	✅ Coinflip - Skai originals	9003-130613	Skai > Play > Casino > Coinflip (1440 x 900px)	1
9003-130774	M6r9FEn042UWTQD1zvy6GM	M6r9FEn042UWTQD1zvy6GM	child	coinflip	FRAME	Desktop	6	✅ Coinflip - Skai originals	9003-130613	Skai > Play > Casino > Coinflip (1440 x 900px)	1
9003-131096	M6r9FEn042UWTQD1zvy6GM	M6r9FEn042UWTQD1zvy6GM	child	coinflip	FRAME	main	6	✅ Coinflip - Skai originals	9003-130613	Skai > Play > Casino > Coinflip (1440 x 900px)	1
9003-94118	M6r9FEn042UWTQD1zvy6GM	M6r9FEn042UWTQD1zvy6GM	child	crash	FRAME	main	1	✅ Crash - Skai originals	9003-94116	Skai > Play > Casino > Crash (1440 x 900px)	1
9003-94120	M6r9FEn042UWTQD1zvy6GM	M6r9FEn042UWTQD1zvy6GM	child	crash	FRAME	Frame 629	3	✅ Crash - Skai originals	9003-94116	Skai > Play > Casino > Crash (1440 x 900px)	1
9003-94795	M6r9FEn042UWTQD1zvy6GM	M6r9FEn042UWTQD1zvy6GM	child	crash	FRAME	section	5	✅ Crash - Skai originals	9003-94116	Skai > Play > Casino > Crash (1440 x 900px)	1
9003-94920	M6r9FEn042UWTQD1zvy6GM	M6r9FEn042UWTQD1zvy6GM	child	crash	FRAME	Main container	4	✅ Crash - Skai originals	9003-94116	Skai > Play > Casino > Crash (1440 x 900px)	1
9003-95028	M6r9FEn042UWTQD1zvy6GM	M6r9FEn042UWTQD1zvy6GM	child	crash	FRAME	Main container	4	✅ Crash - Skai originals	9003-94116	Skai > Play > Casino > Crash (1440 x 900px)	1
9137-13564	M6r9FEn042UWTQD1zvy6GM	M6r9FEn042UWTQD1zvy6GM	screen	crash	(catalogued frame)	Extended LB	0	✅ Crash - Skai originals	9137-13564	Extended LB	1
9142-16809	M6r9FEn042UWTQD1zvy6GM	M6r9FEn042UWTQD1zvy6GM	screen	crash	(catalogued frame)	Auto	0	✅ Crash - Skai originals	9142-16809	Auto	1
9142-19197	M6r9FEn042UWTQD1zvy6GM	M6r9FEn042UWTQD1zvy6GM	screen	crash	(catalogued frame)	Auto Advanced	0	✅ Crash - Skai originals	9142-19197	Auto Advanced	1
9142-19613	M6r9FEn042UWTQD1zvy6GM	M6r9FEn042UWTQD1zvy6GM	child	crash	GROUP	Group 290	7	✅ Crash - Skai originals	9003-94116	Skai > Play > Casino > Crash (1440 x 900px)	1
9003-43516	M6r9FEn042UWTQD1zvy6GM	M6r9FEn042UWTQD1zvy6GM	screen	dice	(catalogued frame)	Skai > Play > Casino > Dice (1440 x 900px)	0	✅ Dice - Skai originals	9003-43516	Skai > Play > Casino > Dice (1440 x 900px)	1
9003-43519	M6r9FEn042UWTQD1zvy6GM	M6r9FEn042UWTQD1zvy6GM	child	dice	FRAME	Frame 520	2	✅ Dice - Skai originals	9003-43516	Skai > Play > Casino > Dice (1440 x 900px)	1
2713-4053	3sSzw1KewMtUbeLAv7uW0r	mhF3BkzlTaGiLzJ7kvpmVc	retarget	home	FRAME	main	1	✅ Home 1	2713-4052	Skai > Home - welcome > onboarding Qs - 1 1VH (1440 x 900px)	1
2713-4179	3sSzw1KewMtUbeLAv7uW0r	mhF3BkzlTaGiLzJ7kvpmVc	retarget	home	(catalogued frame)	Skai > Home - welcome 1VH (1440 x 900px)	0	✅ Home 1	2713-4179	Skai > Home - welcome 1VH (1440 x 900px)	1
2713-4363	3sSzw1KewMtUbeLAv7uW0r	mhF3BkzlTaGiLzJ7kvpmVc	retarget	home	FRAME	main	1	✅ Home 1	2713-4362	Skai > Home - welcome - end CTA 1VH (1440 x 900px)	1
2713-4369	3sSzw1KewMtUbeLAv7uW0r	mhF3BkzlTaGiLzJ7kvpmVc	retarget	home	INSTANCE	Header-desktop	1	✅ Home 1	2713-4362	Skai > Home - welcome - end CTA 1VH (1440 x 900px)	1
2713-4541	mhF3BkzlTaGiLzJ7kvpmVc	mhF3BkzlTaGiLzJ7kvpmVc	child	home	INSTANCE	Badges150	4	✅ Home 1	2713-4425	Skai > Home - welcome > onboarding Qs - load effect > Quests 1VH (1440 x 900px)	1
2713-4556	mhF3BkzlTaGiLzJ7kvpmVc	mhF3BkzlTaGiLzJ7kvpmVc	child	home	FRAME	Frame 166	6	✅ Home 1	2713-4425	Skai > Home - welcome > onboarding Qs - load effect > Quests 1VH (1440 x 900px)	1
2713-4563	mhF3BkzlTaGiLzJ7kvpmVc	mhF3BkzlTaGiLzJ7kvpmVc	child	home	FRAME	content	5	✅ Home 1	2713-4425	Skai > Home - welcome > onboarding Qs - load effect > Quests 1VH (1440 x 900px)	1
2713-4828	3sSzw1KewMtUbeLAv7uW0r	mhF3BkzlTaGiLzJ7kvpmVc	retarget	home	INSTANCE	Header-desktop	1	✅ Home 1	2713-4800	Skai > Home 1VH (1440 x 900px)	1
2752-5211	3sSzw1KewMtUbeLAv7uW0r	mhF3BkzlTaGiLzJ7kvpmVc	retarget	home	FRAME	modal	2	✅ Home 1	2752-4678	Skai > Home > Portfolio > Add wallet 1VH (1440 x 900px)	1
2760-12291	3sSzw1KewMtUbeLAv7uW0r	mhF3BkzlTaGiLzJ7kvpmVc	retarget	home	INSTANCE	icons/tiers	5	✅ Home 1	2760-12240	Skai > Home > Portfolio (1440 x 900px)	1
2764-14163	3sSzw1KewMtUbeLAv7uW0r	mhF3BkzlTaGiLzJ7kvpmVc	retarget	home	FRAME	dropdown-3	2	✅ Home 1	2764-13970	Skai > Home > Portfolio - invisible 1VH (1440 x 900px)	1
2770-16333	3sSzw1KewMtUbeLAv7uW0r	mhF3BkzlTaGiLzJ7kvpmVc	retarget	home	FRAME	Frame 298	3	✅ Home 1	2770-16271	Skai > Home > Portfolio > Tiers 1VH (1440 x 900px)	1
2773-7536	3sSzw1KewMtUbeLAv7uW0r	mhF3BkzlTaGiLzJ7kvpmVc	retarget	home	FRAME	main	1	✅ Home 1	2773-7535	Skai > Home > Portfolio > Tiers (1440 x 900px)	1
2853-9727	mhF3BkzlTaGiLzJ7kvpmVc	mhF3BkzlTaGiLzJ7kvpmVc	child	home	FRAME	section	2	✅ Home 1	2853-9675	Skai > Home > Portfolio > Badges (1440 x 900px)	1
2899-15849	3sSzw1KewMtUbeLAv7uW0r	mhF3BkzlTaGiLzJ7kvpmVc	retarget	home	FRAME	section	2	✅ Home 1	2899-15797	Skai > Home > Portfolio > Vault 1VH (1440 x 900px)	1
3346-32028	mhF3BkzlTaGiLzJ7kvpmVc	mhF3BkzlTaGiLzJ7kvpmVc	screen	home	(catalogued frame)	Skai > Home 1VH - query - focus 1VH (1440 x 900px)	0	✅ Home 1	3346-32028	Skai > Home 1VH - query - focus 1VH (1440 x 900px)	1
5778-33822	3sSzw1KewMtUbeLAv7uW0r	mhF3BkzlTaGiLzJ7kvpmVc	retarget	home	FRAME	Frame 337	1	✅ Home 1	5778-29088	Skai > Home - welcome > onboarding Qs - with default PFP 1 1VH (1440 x 900px)	1
5778-33830	3sSzw1KewMtUbeLAv7uW0r	mhF3BkzlTaGiLzJ7kvpmVc	retarget	home	FRAME	content	5	✅ Home 1	5778-29088	Skai > Home - welcome > onboarding Qs - with default PFP 1 1VH (1440 x 900px)	1
5778-33835	3sSzw1KewMtUbeLAv7uW0r	mhF3BkzlTaGiLzJ7kvpmVc	retarget	home	FRAME	backgrounds	4	✅ Home 1	5778-29088	Skai > Home - welcome > onboarding Qs - with default PFP 1 1VH (1440 x 900px)	1
5812-127629	mhF3BkzlTaGiLzJ7kvpmVc	mhF3BkzlTaGiLzJ7kvpmVc	child	home	FRAME	main	1	✅ Home 1	5812-123481	Skai > Home > AI Feed > Market intel 1VH (1440 x 900px)	1
5812-127683	3sSzw1KewMtUbeLAv7uW0r	mhF3BkzlTaGiLzJ7kvpmVc	retarget	home	FRAME	section	2	✅ Home 1	5812-123481	Skai > Home > AI Feed > Market intel 1VH (1440 x 900px)	1
5854-62644	mhF3BkzlTaGiLzJ7kvpmVc	mhF3BkzlTaGiLzJ7kvpmVc	child	home	FRAME	Right menu	1	✅ Home 1	5854-51123	Skai > Home > AI Feed > Market intel > Manage intel 1VH (1440 x 900px)	1
5854-81627	mhF3BkzlTaGiLzJ7kvpmVc	mhF3BkzlTaGiLzJ7kvpmVc	child	home	FRAME	card	4	✅ Home 1	5854-80845	Skai > Home > AI Feed - empty 1VH (1440 x 900px)	1
5902-146338	3sSzw1KewMtUbeLAv7uW0r	mhF3BkzlTaGiLzJ7kvpmVc	retarget	home	FRAME	Frame 288	5	✅ Home 1	5902-145290	Social - empty	1
5902-147818	3sSzw1KewMtUbeLAv7uW0r	mhF3BkzlTaGiLzJ7kvpmVc	retarget	home	(catalogued frame)	Tier hover - Gold locked	0	✅ Home 1	5902-147818	Tier hover - Gold locked	1
6250-92939	mhF3BkzlTaGiLzJ7kvpmVc	mhF3BkzlTaGiLzJ7kvpmVc	child	home	FRAME	Frame 221	2	✅ Home 1	6250-92865	sidebar - open - group chats	1
6250-93271	mhF3BkzlTaGiLzJ7kvpmVc	mhF3BkzlTaGiLzJ7kvpmVc	child	home	FRAME	dropdown-3	1	✅ Home 1	6250-93084	Skai > Home - sidebar normal > Group chats 1VH (1440 x 900px)	1
6250-93707	3sSzw1KewMtUbeLAv7uW0r	mhF3BkzlTaGiLzJ7kvpmVc	retarget	home	FRAME	Top main	1	✅ Home 1	6250-93706	sidebar - open - group chats - grouped	1
6250-94274	mhF3BkzlTaGiLzJ7kvpmVc	mhF3BkzlTaGiLzJ7kvpmVc	child	home	FRAME	modal	2	✅ Home 1	6250-93916	Skai > Home - sidebar normal > Group chats > Folder name 1VH (1440 x 900px)	1
6415-45116	3sSzw1KewMtUbeLAv7uW0r	mhF3BkzlTaGiLzJ7kvpmVc	retarget	home	INSTANCE	logos/skai-icon	2	✅ Home 1	6415-45113	Skai > Home 1VH (375 x 812px)	1
6415-45117	3sSzw1KewMtUbeLAv7uW0r	mhF3BkzlTaGiLzJ7kvpmVc	retarget	home	INSTANCE	Header-mobile	1	✅ Home 1	6415-45113	Skai > Home 1VH (375 x 812px)	1
6419-45431	3sSzw1KewMtUbeLAv7uW0r	mhF3BkzlTaGiLzJ7kvpmVc	retarget	home	FRAME	Frame 186	2	✅ Home 1	6415-45113	Skai > Home 1VH (375 x 812px)	1
6419-45467	3sSzw1KewMtUbeLAv7uW0r	mhF3BkzlTaGiLzJ7kvpmVc	retarget	home	FRAME	Frame 41	2	✅ Home 1	6415-45113	Skai > Home 1VH (375 x 812px)	1
6419-45946	3sSzw1KewMtUbeLAv7uW0r	mhF3BkzlTaGiLzJ7kvpmVc	retarget	home	FRAME	Frame 401	4	✅ Home 1	6419-45553	Skai > Home 1VH ALT (375 x 812px)	1
6704-28468	3sSzw1KewMtUbeLAv7uW0r	mhF3BkzlTaGiLzJ7kvpmVc	retarget	home	FRAME	card	5	✅ Home 1	6704-27342	Skai > Home > AI Feed - empty 1VH (375 x 812px)	1
6736-39218	3sSzw1KewMtUbeLAv7uW0r	mhF3BkzlTaGiLzJ7kvpmVc	retarget	home	FRAME	main	1	✅ Home 1	6736-39216	Skai > Home > Add > upload image 1VH (768 x 1024px)	1
13008-112049	mhF3BkzlTaGiLzJ7kvpmVc	mhF3BkzlTaGiLzJ7kvpmVc	child	home-2	FRAME	Right menu	1	✅ Home 2	13008-111656	Skai > Home > Whales > filter - custom input 1VH (1440 x 900px)	1
13008-112375	mhF3BkzlTaGiLzJ7kvpmVc	mhF3BkzlTaGiLzJ7kvpmVc	child	home-2	INSTANCE	CTA/button	7	✅ Home 2	13008-112079	Skai > Home > Whales 1VH (1440 x 900px)	1
13008-113316	mhF3BkzlTaGiLzJ7kvpmVc	mhF3BkzlTaGiLzJ7kvpmVc	child	home-2	FRAME	card	1	✅ Home 2	13008-113198	Plans - long view	1
13008-114061	mhF3BkzlTaGiLzJ7kvpmVc	mhF3BkzlTaGiLzJ7kvpmVc	child	home-2	FRAME	Frame 278	6	✅ Home 2	13008-114000	Skai > Pro > checkout 1VH ALT (1440 x 900px)	1
13008-114094	mhF3BkzlTaGiLzJ7kvpmVc	mhF3BkzlTaGiLzJ7kvpmVc	child	home-2	INSTANCE	icons/tiers	8	✅ Home 2	13008-114086	Skai > Pro - expanded (1440 x 900px)	1
13008-114136	mhF3BkzlTaGiLzJ7kvpmVc	mhF3BkzlTaGiLzJ7kvpmVc	child	home-2	INSTANCE	icons/tiers	8	✅ Home 2	13008-114086	Skai > Pro - expanded (1440 x 900px)	1
13008-114177	mhF3BkzlTaGiLzJ7kvpmVc	mhF3BkzlTaGiLzJ7kvpmVc	child	home-2	INSTANCE	icons/tiers	8	✅ Home 2	13008-114086	Skai > Pro - expanded (1440 x 900px)	1
13008-114218	mhF3BkzlTaGiLzJ7kvpmVc	mhF3BkzlTaGiLzJ7kvpmVc	child	home-2	INSTANCE	icons/tiers	8	✅ Home 2	13008-114086	Skai > Pro - expanded (1440 x 900px)	1
13008-114260	mhF3BkzlTaGiLzJ7kvpmVc	mhF3BkzlTaGiLzJ7kvpmVc	child	home-2	INSTANCE	icons/tiers	8	✅ Home 2	13008-114086	Skai > Pro - expanded (1440 x 900px)	1
13008-114298	mhF3BkzlTaGiLzJ7kvpmVc	mhF3BkzlTaGiLzJ7kvpmVc	child	home-2	INSTANCE	icons/tiers	8	✅ Home 2	13008-114086	Skai > Pro - expanded (1440 x 900px)	1
13008-115790	mhF3BkzlTaGiLzJ7kvpmVc	mhF3BkzlTaGiLzJ7kvpmVc	child	home-2	FRAME	modal	2	✅ Home 2	13008-115463	Skai > Home > Whales > Wallet manager > Import wallet 1VH (1440 x 900px)	1
13008-115805	mhF3BkzlTaGiLzJ7kvpmVc	mhF3BkzlTaGiLzJ7kvpmVc	child	home-2	FRAME	Frame 373	5	✅ Home 2	13008-115463	Skai > Home > Whales > Wallet manager > Import wallet 1VH (1440 x 900px)	1
13008-115809	mhF3BkzlTaGiLzJ7kvpmVc	mhF3BkzlTaGiLzJ7kvpmVc	child	home-2	INSTANCE	input/primary-inputs	4	✅ Home 2	13008-115463	Skai > Home > Whales > Wallet manager > Import wallet 1VH (1440 x 900px)	1
13008-115810	mhF3BkzlTaGiLzJ7kvpmVc	mhF3BkzlTaGiLzJ7kvpmVc	child	home-2	FRAME	Frame 559	4	✅ Home 2	13008-115463	Skai > Home > Whales > Wallet manager > Import wallet 1VH (1440 x 900px)	1
13008-115845	mhF3BkzlTaGiLzJ7kvpmVc	mhF3BkzlTaGiLzJ7kvpmVc	child	home-2	FRAME	Frame 444	3	✅ Home 2	13008-115820	Skai > Home > Whales > Live trades 1VH (1440 x 900px)	1
13008-115961	mhF3BkzlTaGiLzJ7kvpmVc	mhF3BkzlTaGiLzJ7kvpmVc	child	home-2	FRAME	Frame 594	9	✅ Home 2	13008-115820	Skai > Home > Whales > Live trades 1VH (1440 x 900px)	1
13008-116900	mhF3BkzlTaGiLzJ7kvpmVc	mhF3BkzlTaGiLzJ7kvpmVc	child	home-2	FRAME	Frame 337	1	✅ Home 2	13008-116645	Skai > Home > Whales - no data > Add wallet 1VH (1440 x 900px)	1
13008-117800	mhF3BkzlTaGiLzJ7kvpmVc	mhF3BkzlTaGiLzJ7kvpmVc	child	home-2	FRAME	main	1	✅ Home 2	13008-117799	Skai > Home > Agentic support - Backtesting > conversation 6 1VH (1440 x 900px)	1
13008-118510	mhF3BkzlTaGiLzJ7kvpmVc	mhF3BkzlTaGiLzJ7kvpmVc	child	home-2	FRAME	Frame 1009	5	✅ Home 2	13008-118480	Skai > Home > Agentic support - Backtesting > conversation 6 (1440 x 900px)	1
13008-118798	mhF3BkzlTaGiLzJ7kvpmVc	mhF3BkzlTaGiLzJ7kvpmVc	screen	home-2	(catalogued frame)	Skai > Home > Agentic support - Backtesting > conversation 6 > Replicate Sample Strategy > Custom code > Chart sample 1VH (1440 x 900px)	0	✅ Home 2	13008-118798	Skai > Home > Agentic support - Backtesting > conversation 6 > Replicate Sample Strategy > Custom code > Chart sample 1VH (1440 x 900px)	1
9163-5404	M6r9FEn042UWTQD1zvy6GM	M6r9FEn042UWTQD1zvy6GM	child	mines	FRAME	main	6	✅ Mines - Skai originals	9163-4859	Skai > Play > Casino > Dice (1440 x 900px)	1
2005-12217	3sSzw1KewMtUbeLAv7uW0r	3sSzw1KewMtUbeLAv7uW0r	screen	onboarding	(catalogued frame)	Skai > Onboarding > Get early access > Verification - with input 1VH (1440 x 900px)	0	✅ Onboarding and Authentication	2005-12217	Skai > Onboarding > Get early access > Verification - with input 1VH (1440 x 900px)	1
2065-110	3sSzw1KewMtUbeLAv7uW0r	3sSzw1KewMtUbeLAv7uW0r	screen	onboarding	(catalogued frame)	Skai > Temporary landing 1VH (1440 x 900px)	0	✅ Onboarding and Authentication	2065-110	Skai > Temporary landing 1VH (1440 x 900px)	1
2086-28860	3sSzw1KewMtUbeLAv7uW0r	3sSzw1KewMtUbeLAv7uW0r	screen	onboarding	(catalogued frame)	Skai > Temporary landing > Login 1VH (1440 x 900px)	0	✅ Onboarding and Authentication	2086-28860	Skai > Temporary landing > Login 1VH (1440 x 900px)	1
2422-2943	3sSzw1KewMtUbeLAv7uW0r	3sSzw1KewMtUbeLAv7uW0r	screen	onboarding	(catalogued frame)	Skai > Onboarding > Get early access > Verification > Choose wallet > Link wallet > Reserve name > Congratulations - Slide 2 > Pre-launch dashboard Live 1VH (1440 x 900px)	0	✅ Onboarding and Authentication	2422-2943	Skai > Onboarding > Get early access > Verification > Choose wallet > Link wallet > Reserve name > Congratulations - Slide 2 > Pre-launch dashboard Live 1VH (1440 x 900px)	1
4595-50012	3sSzw1KewMtUbeLAv7uW0r	3sSzw1KewMtUbeLAv7uW0r	child	play	FRAME	sidebar	1	✅ Play	4595-49807	Skai > Play 1VH (1440 x 900px)	1
4601-61604	3sSzw1KewMtUbeLAv7uW0r	3sSzw1KewMtUbeLAv7uW0r	child	play	FRAME	Frame 604	3	✅ Play	4595-49807	Skai > Play 1VH (1440 x 900px)	1
4601-61631	3sSzw1KewMtUbeLAv7uW0r	3sSzw1KewMtUbeLAv7uW0r	child	play	FRAME	Frame 455	3	✅ Play	4595-49807	Skai > Play 1VH (1440 x 900px)	1
4623-65447	3sSzw1KewMtUbeLAv7uW0r	3sSzw1KewMtUbeLAv7uW0r	child	play	FRAME	internal	3	✅ Play	4623-65430	sidebar - open casino	1
4711-28435	3sSzw1KewMtUbeLAv7uW0r	3sSzw1KewMtUbeLAv7uW0r	child	play	FRAME	main	1	✅ Play	4711-28434	Skai > Play > Casino (1440 x 900px)	1
4714-32435	3sSzw1KewMtUbeLAv7uW0r	3sSzw1KewMtUbeLAv7uW0r	child	play	FRAME	Main container	4	✅ Play	4711-28434	Skai > Play > Casino (1440 x 900px)	1
4714-32714	3sSzw1KewMtUbeLAv7uW0r	3sSzw1KewMtUbeLAv7uW0r	child	play	FRAME	Main container	4	✅ Play	4711-28434	Skai > Play > Casino (1440 x 900px)	1
4765-64029	3sSzw1KewMtUbeLAv7uW0r	3sSzw1KewMtUbeLAv7uW0r	screen	play	(catalogued frame)	Skai > Play - dropdown 1VH (1440 x 900px)	0	✅ Play	4765-64029	Skai > Play - dropdown 1VH (1440 x 900px)	1
4765-64039	3sSzw1KewMtUbeLAv7uW0r	3sSzw1KewMtUbeLAv7uW0r	child	play	FRAME	Frame 604	3	✅ Play	4765-64029	Skai > Play - dropdown 1VH (1440 x 900px)	1
4765-64067	3sSzw1KewMtUbeLAv7uW0r	3sSzw1KewMtUbeLAv7uW0r	child	play	FRAME	card	4	✅ Play	4765-64029	Skai > Play - dropdown 1VH (1440 x 900px)	1
4765-64077	3sSzw1KewMtUbeLAv7uW0r	3sSzw1KewMtUbeLAv7uW0r	child	play	FRAME	card	4	✅ Play	4765-64029	Skai > Play - dropdown 1VH (1440 x 900px)	1
4765-64087	3sSzw1KewMtUbeLAv7uW0r	3sSzw1KewMtUbeLAv7uW0r	child	play	FRAME	Frame 605	3	✅ Play	4765-64029	Skai > Play - dropdown 1VH (1440 x 900px)	1
4765-64116	3sSzw1KewMtUbeLAv7uW0r	3sSzw1KewMtUbeLAv7uW0r	child	play	FRAME	Main container	4	✅ Play	4765-64029	Skai > Play - dropdown 1VH (1440 x 900px)	1
4765-64829	3sSzw1KewMtUbeLAv7uW0r	3sSzw1KewMtUbeLAv7uW0r	child	play	FRAME	sidebar	1	✅ Play	4765-64029	Skai > Play - dropdown 1VH (1440 x 900px)	1
4765-65172	3sSzw1KewMtUbeLAv7uW0r	3sSzw1KewMtUbeLAv7uW0r	child	play	FRAME	dropdown	1	✅ Play	4765-64029	Skai > Play - dropdown 1VH (1440 x 900px)	1
4792-35540	3sSzw1KewMtUbeLAv7uW0r	3sSzw1KewMtUbeLAv7uW0r	child	play	FRAME	main	1	✅ Play	4792-34490	Skai > Play > Casino > Bookie - tiers (1440 x 900px)	1
4798-57447	3sSzw1KewMtUbeLAv7uW0r	3sSzw1KewMtUbeLAv7uW0r	child	play	FRAME	main	1	✅ Play	4798-57445	Skai > Play > Casino > Bookie - referral (1440 x 900px)	1
4799-60925	3sSzw1KewMtUbeLAv7uW0r	3sSzw1KewMtUbeLAv7uW0r	screen	play	(catalogued frame)	Skai > Play > Sportsbook 1VH (1440 x 900px)	0	✅ Play	4799-60925	Skai > Play > Sportsbook 1VH (1440 x 900px)	1
4841-72059	3sSzw1KewMtUbeLAv7uW0r	3sSzw1KewMtUbeLAv7uW0r	screen	play	(catalogued frame)	Skai > Play > Sportsbook (1440 x 900px)	0	✅ Play	4841-72059	Skai > Play > Sportsbook (1440 x 900px)	1
4851-78844	3sSzw1KewMtUbeLAv7uW0r	3sSzw1KewMtUbeLAv7uW0r	screen	play	(catalogued frame)	Bet slip - empty	0	✅ Play	4851-78844	Bet slip - empty	1
4865-79010	3sSzw1KewMtUbeLAv7uW0r	3sSzw1KewMtUbeLAv7uW0r	screen	play	(catalogued frame)	Bet slip - with values	0	✅ Play	4865-79010	Bet slip - with values	1
4891-82125	3sSzw1KewMtUbeLAv7uW0r	3sSzw1KewMtUbeLAv7uW0r	screen	play	(catalogued frame)	Bet slip - combined - elongated	0	✅ Play	4891-82125	Bet slip - combined - elongated	1
4891-82254	3sSzw1KewMtUbeLAv7uW0r	3sSzw1KewMtUbeLAv7uW0r	screen	play	(catalogued frame)	Bet slip - normal	0	✅ Play	4891-82254	Bet slip - normal	1
4892-82479	3sSzw1KewMtUbeLAv7uW0r	3sSzw1KewMtUbeLAv7uW0r	screen	play	(catalogued frame)	Bet slip - combined - results / win	0	✅ Play	4892-82479	Bet slip - combined - results / win	1
4892-82761	3sSzw1KewMtUbeLAv7uW0r	3sSzw1KewMtUbeLAv7uW0r	screen	play	(catalogued frame)	Quick bet - with values	0	✅ Play	4892-82761	Quick bet - with values	1
4892-82838	3sSzw1KewMtUbeLAv7uW0r	3sSzw1KewMtUbeLAv7uW0r	screen	play	(catalogued frame)	Bet slip - combined - results / loss	0	✅ Play	4892-82838	Bet slip - combined - results / loss	1
4896-83198	3sSzw1KewMtUbeLAv7uW0r	3sSzw1KewMtUbeLAv7uW0r	screen	play	(catalogued frame)	Bet slip - system - elongated	0	✅ Play	4896-83198	Bet slip - system - elongated	1
4896-83645	3sSzw1KewMtUbeLAv7uW0r	3sSzw1KewMtUbeLAv7uW0r	screen	play	(catalogued frame)	Skai > Play > Sportsbook > My bets - empty (1440 x 900px)	0	✅ Play	4896-83645	Skai > Play > Sportsbook > My bets - empty (1440 x 900px)	1
4896-86320	3sSzw1KewMtUbeLAv7uW0r	3sSzw1KewMtUbeLAv7uW0r	screen	play	(catalogued frame)	Quick bet - ALT colour	0	✅ Play	4896-86320	Quick bet - ALT colour	1
4896-86341	3sSzw1KewMtUbeLAv7uW0r	3sSzw1KewMtUbeLAv7uW0r	screen	play	(catalogued frame)	Skai > Play > Sportsbook > Bet notifcation 1VH (1440 x 900px)	0	✅ Play	4896-86341	Skai > Play > Sportsbook > Bet notifcation 1VH (1440 x 900px)	1
4911-89112	3sSzw1KewMtUbeLAv7uW0r	3sSzw1KewMtUbeLAv7uW0r	screen	play	(catalogued frame)	content	0	✅ Play	4911-89112	content	1
4911-92925	3sSzw1KewMtUbeLAv7uW0r	3sSzw1KewMtUbeLAv7uW0r	screen	play	(catalogued frame)	Skai > Play > Sportsbook > Starting soon (1440 x 900px)	0	✅ Play	4911-92925	Skai > Play > Sportsbook > Starting soon (1440 x 900px)	1
4913-97944	3sSzw1KewMtUbeLAv7uW0r	3sSzw1KewMtUbeLAv7uW0r	screen	play	(catalogued frame)	Skai > Play > Sportsbook > Side panel - Lawn tennis (1440 x 900px)	0	✅ Play	4913-97944	Skai > Play > Sportsbook > Side panel - Lawn tennis (1440 x 900px)	1
9099-146833	3sSzw1KewMtUbeLAv7uW0r	3sSzw1KewMtUbeLAv7uW0r	child	play	FRAME	Main container	4	✅ Play	9099-146637	Skai > Play (1440 x 900px)	1
9099-147294	3sSzw1KewMtUbeLAv7uW0r	3sSzw1KewMtUbeLAv7uW0r	child	play	FRAME	Frame 641	4	✅ Play	9099-146637	Skai > Play (1440 x 900px)	1
9099-147398	3sSzw1KewMtUbeLAv7uW0r	3sSzw1KewMtUbeLAv7uW0r	child	play	FRAME	Scroll bar 3	1	✅ Play	9099-146637	Skai > Play (1440 x 900px)	1
9103-161891	3sSzw1KewMtUbeLAv7uW0r	3sSzw1KewMtUbeLAv7uW0r	child	play	FRAME	Frame 521	2	✅ Play	9099-146637	Skai > Play (1440 x 900px)	1
9112-13226	3sSzw1KewMtUbeLAv7uW0r	3sSzw1KewMtUbeLAv7uW0r	child	play	FRAME	card	4	✅ Play	4711-28434	Skai > Play > Casino (1440 x 900px)	1
9112-13278	3sSzw1KewMtUbeLAv7uW0r	3sSzw1KewMtUbeLAv7uW0r	child	play	FRAME	Scroll bar 3	1	✅ Play	4711-28434	Skai > Play > Casino (1440 x 900px)	1
9113-76099	3sSzw1KewMtUbeLAv7uW0r	3sSzw1KewMtUbeLAv7uW0r	child	play	FRAME	Frame 346	5	✅ Play	4711-28434	Skai > Play > Casino (1440 x 900px)	1
9170-113296	3sSzw1KewMtUbeLAv7uW0r	3sSzw1KewMtUbeLAv7uW0r	screen	play	(catalogued frame)	card with tool tip	0	✅ Play	9170-113296	card with tool tip	1
9170-114084	3sSzw1KewMtUbeLAv7uW0r	3sSzw1KewMtUbeLAv7uW0r	screen	play	(catalogued frame)	Skai > Play > Sportsbook > Soccer > AVL CHE (1440 x 900px)	0	✅ Play	9170-114084	Skai > Play > Sportsbook > Soccer > AVL CHE (1440 x 900px)	1
9170-12768	3sSzw1KewMtUbeLAv7uW0r	3sSzw1KewMtUbeLAv7uW0r	child	play	FRAME	Scroll bar 3	1	✅ Play	4765-64029	Skai > Play - dropdown 1VH (1440 x 900px)	1
9170-81771	3sSzw1KewMtUbeLAv7uW0r	3sSzw1KewMtUbeLAv7uW0r	screen	play	(catalogued frame)	Skai > Play > Sportsbook > Bet slip settings 1VH (1440 x 900px)	0	✅ Play	9170-81771	Skai > Play > Sportsbook > Bet slip settings 1VH (1440 x 900px)	1
9185-15853	3sSzw1KewMtUbeLAv7uW0r	3sSzw1KewMtUbeLAv7uW0r	screen	play	(catalogued frame)	card - state 2	0	✅ Play	9185-15853	card - state 2	1
9185-15873	3sSzw1KewMtUbeLAv7uW0r	3sSzw1KewMtUbeLAv7uW0r	screen	play	(catalogued frame)	card - state 1	0	✅ Play	9185-15873	card - state 1	1
9191-105864	3sSzw1KewMtUbeLAv7uW0r	3sSzw1KewMtUbeLAv7uW0r	screen	play	(catalogued frame)	Skai > Play > Sportsbook - right sidepanel / betslip ALT 1VH (1440 x 900px)	0	✅ Play	9191-105864	Skai > Play > Sportsbook - right sidepanel / betslip ALT 1VH (1440 x 900px)	1
9215-15732	3sSzw1KewMtUbeLAv7uW0r	3sSzw1KewMtUbeLAv7uW0r	screen	play	(catalogued frame)	Skai > Play > Sportsbook > Soccer > AVL CHE > Player props (1440 x 900px)	0	✅ Play	9215-15732	Skai > Play > Sportsbook > Soccer > AVL CHE > Player props (1440 x 900px)	1
9215-17213	3sSzw1KewMtUbeLAv7uW0r	3sSzw1KewMtUbeLAv7uW0r	screen	play	(catalogued frame)	Game view - not started	0	✅ Play	9215-17213	Game view - not started	1
9227-16083	3sSzw1KewMtUbeLAv7uW0r	3sSzw1KewMtUbeLAv7uW0r	screen	play	(catalogued frame)	Game view - not started 2	0	✅ Play	9227-16083	Game view - not started 2	1
9227-73346	3sSzw1KewMtUbeLAv7uW0r	3sSzw1KewMtUbeLAv7uW0r	screen	play	(catalogued frame)	Game view - in play	0	✅ Play	9227-73346	Game view - in play	1
9227-73494	3sSzw1KewMtUbeLAv7uW0r	3sSzw1KewMtUbeLAv7uW0r	screen	play	(catalogued frame)	Game view - in play	0	✅ Play	9227-73494	Game view - in play	1
9227-73572	3sSzw1KewMtUbeLAv7uW0r	3sSzw1KewMtUbeLAv7uW0r	screen	play	(catalogued frame)	Game view - in play	0	✅ Play	9227-73572	Game view - in play	1
9227-73669	3sSzw1KewMtUbeLAv7uW0r	3sSzw1KewMtUbeLAv7uW0r	screen	play	(catalogued frame)	Game view - not started 3 - tilt	0	✅ Play	9227-73669	Game view - not started 3 - tilt	1
9227-73828	3sSzw1KewMtUbeLAv7uW0r	3sSzw1KewMtUbeLAv7uW0r	screen	play	(catalogued frame)	Game view - not started 3 - tilt	0	✅ Play	9227-73828	Game view - not started 3 - tilt	1
9227-74080	3sSzw1KewMtUbeLAv7uW0r	3sSzw1KewMtUbeLAv7uW0r	screen	play	(catalogued frame)	Game view - not started 3 - outcome	0	✅ Play	9227-74080	Game view - not started 3 - outcome	1
9003-79081	M6r9FEn042UWTQD1zvy6GM	M6r9FEn042UWTQD1zvy6GM	child	plinko	FRAME	main	1	✅ Plinko - Skai originals	9003-79079	Skai > Play > Casino > Plinko (1440 x 900px)	1
9003-79085	M6r9FEn042UWTQD1zvy6GM	M6r9FEn042UWTQD1zvy6GM	child	plinko	FRAME	Frame 345	5	✅ Plinko - Skai originals	9003-79079	Skai > Play > Casino > Plinko (1440 x 900px)	1
9003-79147	M6r9FEn042UWTQD1zvy6GM	M6r9FEn042UWTQD1zvy6GM	child	plinko	FRAME	Frame 270	6	✅ Plinko - Skai originals	9003-79079	Skai > Play > Casino > Plinko (1440 x 900px)	1
9095-4812	M6r9FEn042UWTQD1zvy6GM	M6r9FEn042UWTQD1zvy6GM	screen	plinko	(catalogued frame)	Plinko Hard Mode	0	✅ Plinko - Skai originals	9095-4812	Plinko Hard Mode	1
9104-6850	M6r9FEn042UWTQD1zvy6GM	M6r9FEn042UWTQD1zvy6GM	child	plinko	FRAME	Plinko Easy Mode	6	✅ Plinko - Skai originals	9003-79079	Skai > Play > Casino > Plinko (1440 x 900px)	1
3269-17599	3sSzw1KewMtUbeLAv7uW0r	3sSzw1KewMtUbeLAv7uW0r	screen	predict	(catalogued frame)	Skai > Predict - layout 2 ALT (1440 x 900px)	0	✅ Predict	3269-17599	Skai > Predict - layout 2 ALT (1440 x 900px)	1
3288-23300	3sSzw1KewMtUbeLAv7uW0r	3sSzw1KewMtUbeLAv7uW0r	screen	predict	(catalogued frame)	Skai > Predict > sample market 1VH (1440 x 900px)	0	✅ Predict	3288-23300	Skai > Predict > sample market 1VH (1440 x 900px)	1
3288-23301	3sSzw1KewMtUbeLAv7uW0r	3sSzw1KewMtUbeLAv7uW0r	child	predict	FRAME	main	1	✅ Predict	3288-23300	Skai > Predict > sample market 1VH (1440 x 900px)	1
3294-24639	3sSzw1KewMtUbeLAv7uW0r	3sSzw1KewMtUbeLAv7uW0r	screen	predict	(catalogued frame)	Header-two-layer	0	✅ Predict	3294-24639	Header-two-layer	1
3325-19591	3sSzw1KewMtUbeLAv7uW0r	3sSzw1KewMtUbeLAv7uW0r	screen	predict	(catalogued frame)	Skai > Predict > sample market - all expanded (1440 x 900px)	0	✅ Predict	3325-19591	Skai > Predict > sample market - all expanded (1440 x 900px)	1
3344-30618	3sSzw1KewMtUbeLAv7uW0r	3sSzw1KewMtUbeLAv7uW0r	screen	predict	(catalogued frame)	Skai > Predict > breaking > sample market 2 (1440 x 900px)	0	✅ Predict	3344-30618	Skai > Predict > breaking > sample market 2 (1440 x 900px)	1
3350-32943	3sSzw1KewMtUbeLAv7uW0r	3sSzw1KewMtUbeLAv7uW0r	screen	predict	(catalogued frame)	Skai > Predict > new (1440 x 900px)	0	✅ Predict	3350-32943	Skai > Predict > new (1440 x 900px)	1
3350-32945	3sSzw1KewMtUbeLAv7uW0r	3sSzw1KewMtUbeLAv7uW0r	child	predict	FRAME	main	1	✅ Predict	3350-32943	Skai > Predict > new (1440 x 900px)	1
3358-34467	3sSzw1KewMtUbeLAv7uW0r	3sSzw1KewMtUbeLAv7uW0r	screen	predict	(catalogued frame)	Skai > Predict > politics (1440 x 900px)	0	✅ Predict	3358-34467	Skai > Predict > politics (1440 x 900px)	1
3358-34469	3sSzw1KewMtUbeLAv7uW0r	3sSzw1KewMtUbeLAv7uW0r	child	predict	FRAME	main	1	✅ Predict	3358-34467	Skai > Predict > politics (1440 x 900px)	1
3358-34470	3sSzw1KewMtUbeLAv7uW0r	3sSzw1KewMtUbeLAv7uW0r	child	predict	FRAME	Prediction markets	2	✅ Predict	3358-34467	Skai > Predict > politics (1440 x 900px)	1
3445-64375	3sSzw1KewMtUbeLAv7uW0r	3sSzw1KewMtUbeLAv7uW0r	screen	predict	(catalogued frame)	Skai > Predict > sports (1440 x 900px)	0	✅ Predict	3445-64375	Skai > Predict > sports (1440 x 900px)	1
3445-64377	3sSzw1KewMtUbeLAv7uW0r	3sSzw1KewMtUbeLAv7uW0r	child	predict	FRAME	main	1	✅ Predict	3445-64375	Skai > Predict > sports (1440 x 900px)	1
3447-65971	3sSzw1KewMtUbeLAv7uW0r	3sSzw1KewMtUbeLAv7uW0r	child	predict	FRAME	Frame 429	2	✅ Predict	3445-64375	Skai > Predict > sports (1440 x 900px)	1
3450-67210	3sSzw1KewMtUbeLAv7uW0r	3sSzw1KewMtUbeLAv7uW0r	child	predict	FRAME	Frame 453	3	✅ Predict	3445-64375	Skai > Predict > sports (1440 x 900px)	1
3456-3142	3sSzw1KewMtUbeLAv7uW0r	3sSzw1KewMtUbeLAv7uW0r	screen	predict	(catalogued frame)	Skai > Predict > sports > Futures (1440 x 900px)	0	✅ Predict	3456-3142	Skai > Predict > sports > Futures (1440 x 900px)	1
3471-7574	3sSzw1KewMtUbeLAv7uW0r	3sSzw1KewMtUbeLAv7uW0r	child	predict	FRAME	FAQ	3	✅ Predict	3471-7251	Skai > Predict > sports > Futures > Sample futures (1440 x 900px)	1
3531-21220	3sSzw1KewMtUbeLAv7uW0r	3sSzw1KewMtUbeLAv7uW0r	screen	predict	(catalogued frame)	Skai > Predict > sports > Futures > Sample futures - with resolved (1440 x 900px)	0	✅ Predict	3531-21220	Skai > Predict > sports > Futures > Sample futures - with resolved (1440 x 900px)	1
3531-21222	3sSzw1KewMtUbeLAv7uW0r	3sSzw1KewMtUbeLAv7uW0r	child	predict	FRAME	main	1	✅ Predict	3531-21220	Skai > Predict > sports > Futures > Sample futures - with resolved (1440 x 900px)	1
3538-22735	3sSzw1KewMtUbeLAv7uW0r	3sSzw1KewMtUbeLAv7uW0r	screen	predict	(catalogued frame)	Skai > Predict > Crypto (1440 x 900px)	0	✅ Predict	3538-22735	Skai > Predict > Crypto (1440 x 900px)	1
3546-25568	3sSzw1KewMtUbeLAv7uW0r	3sSzw1KewMtUbeLAv7uW0r	screen	predict	(catalogued frame)	Skai > Predict > Finance (1440 x 900px)	0	✅ Predict	3546-25568	Skai > Predict > Finance (1440 x 900px)	1
3553-5222	3sSzw1KewMtUbeLAv7uW0r	3sSzw1KewMtUbeLAv7uW0r	child	predict	FRAME	main	1	✅ Predict	3553-5220	Skai > Predict > Climate and Science (1440 x 900px)	1
3562-40418	3sSzw1KewMtUbeLAv7uW0r	3sSzw1KewMtUbeLAv7uW0r	child	predict	FRAME	row	5	✅ Predict	3562-40397	Skai > Predict > Dashboard (1440 x 900px)	1
3562-40426	3sSzw1KewMtUbeLAv7uW0r	3sSzw1KewMtUbeLAv7uW0r	child	predict	FRAME	Frame 420	12	✅ Predict	3562-40397	Skai > Predict > Dashboard (1440 x 900px)	1
3562-40436	3sSzw1KewMtUbeLAv7uW0r	3sSzw1KewMtUbeLAv7uW0r	child	predict	GROUP	Skai logo - white	12	✅ Predict	3562-40397	Skai > Predict > Dashboard (1440 x 900px)	1
8577-82064	3sSzw1KewMtUbeLAv7uW0r	3sSzw1KewMtUbeLAv7uW0r	screen	predict	(catalogued frame)	dropdown-more	0	✅ Predict	8577-82064	dropdown-more	1
8583-127820	3sSzw1KewMtUbeLAv7uW0r	3sSzw1KewMtUbeLAv7uW0r	screen	predict	(catalogued frame)	Skai > Predict 1VH (1440 x 900px)	0	✅ Predict	8583-127820	Skai > Predict 1VH (1440 x 900px)	1
8583-128777	3sSzw1KewMtUbeLAv7uW0r	3sSzw1KewMtUbeLAv7uW0r	child	predict	INSTANCE	Header-desktop-two-layer	1	✅ Predict	8583-127820	Skai > Predict 1VH (1440 x 900px)	1
8583-132891	3sSzw1KewMtUbeLAv7uW0r	3sSzw1KewMtUbeLAv7uW0r	child	predict	FRAME	Frame 418	2	✅ Predict	3269-17599	Skai > Predict - layout 2 ALT (1440 x 900px)	1
8610-162944	3sSzw1KewMtUbeLAv7uW0r	3sSzw1KewMtUbeLAv7uW0r	child	predict	FRAME	Main container	2	✅ Predict	8583-127820	Skai > Predict 1VH (1440 x 900px)	1
8610-163937	3sSzw1KewMtUbeLAv7uW0r	3sSzw1KewMtUbeLAv7uW0r	screen	predict	(catalogued frame)	card	0	✅ Predict	8610-163937	card	1
8610-164237	3sSzw1KewMtUbeLAv7uW0r	3sSzw1KewMtUbeLAv7uW0r	child	predict	FRAME	Frame 404	3	✅ Predict	8610-163972	Skai > Predict (1440 x 900px)	1
8610-164278	3sSzw1KewMtUbeLAv7uW0r	3sSzw1KewMtUbeLAv7uW0r	child	predict	FRAME	markets	3	✅ Predict	8610-163972	Skai > Predict (1440 x 900px)	1
8610-164280	3sSzw1KewMtUbeLAv7uW0r	3sSzw1KewMtUbeLAv7uW0r	child	predict	FRAME	card	5	✅ Predict	8610-163972	Skai > Predict (1440 x 900px)	1
8659-71619	3sSzw1KewMtUbeLAv7uW0r	3sSzw1KewMtUbeLAv7uW0r	child	predict	FRAME	FAQ	1	✅ Predict	8610-163972	Skai > Predict (1440 x 900px)	1
8687-54504	3sSzw1KewMtUbeLAv7uW0r	3sSzw1KewMtUbeLAv7uW0r	screen	predict	(catalogued frame)	Skai > Predict > breaking (1440 x 900px)	0	✅ Predict	8687-54504	Skai > Predict > breaking (1440 x 900px)	1
8687-54506	3sSzw1KewMtUbeLAv7uW0r	3sSzw1KewMtUbeLAv7uW0r	child	predict	FRAME	main	1	✅ Predict	8687-54504	Skai > Predict > breaking (1440 x 900px)	1
8827-133388	3sSzw1KewMtUbeLAv7uW0r	3sSzw1KewMtUbeLAv7uW0r	child	predict	FRAME	sidebar - open - predict	1	✅ Predict	3445-64375	Skai > Predict > sports (1440 x 900px)	1
8827-135069	3sSzw1KewMtUbeLAv7uW0r	3sSzw1KewMtUbeLAv7uW0r	child	predict	FRAME	markets	2	✅ Predict	8583-127820	Skai > Predict 1VH (1440 x 900px)	1
8909-135203	3sSzw1KewMtUbeLAv7uW0r	3sSzw1KewMtUbeLAv7uW0r	screen	predict	(catalogued frame)	sidebar - open - predict internal folder structure	0	✅ Predict	8909-135203	sidebar - open - predict internal folder structure	1
8909-137259	3sSzw1KewMtUbeLAv7uW0r	3sSzw1KewMtUbeLAv7uW0r	child	predict	FRAME	sidebar - open - predict	1	✅ Predict	3546-25568	Skai > Predict > Finance (1440 x 900px)	1
8909-137997	3sSzw1KewMtUbeLAv7uW0r	3sSzw1KewMtUbeLAv7uW0r	child	predict	INSTANCE	Header-desktop-two-layer	1	✅ Predict	3553-5220	Skai > Predict > Climate and Science (1440 x 900px)	1
8911-163474	3sSzw1KewMtUbeLAv7uW0r	3sSzw1KewMtUbeLAv7uW0r	child	predict	FRAME	Frame 270	3	✅ Predict	8911-163462	Skai > Predict > Rewards 1VH (1440 x 900px)	1
8911-165814	3sSzw1KewMtUbeLAv7uW0r	3sSzw1KewMtUbeLAv7uW0r	child	predict	FRAME	Frame 453	4	✅ Predict	8911-163462	Skai > Predict > Rewards 1VH (1440 x 900px)	1
8911-165885	3sSzw1KewMtUbeLAv7uW0r	3sSzw1KewMtUbeLAv7uW0r	child	predict	FRAME	Frame 389	11	✅ Predict	8911-163462	Skai > Predict > Rewards 1VH (1440 x 900px)	1
9746-173724	3sSzw1KewMtUbeLAv7uW0r	mhF3BkzlTaGiLzJ7kvpmVc	retarget	pwa	FRAME	modal	2	✅ Home 1	9746-173030	Skai > Home > Install to homescreen 1VH (375 x 812px)	1
9003-139146	M6r9FEn042UWTQD1zvy6GM	M6r9FEn042UWTQD1zvy6GM	screen	skratch	(catalogued frame)	Card out	0	✅ Scratchers - Skai originals	9003-139146	Card out	1
9003-142709	M6r9FEn042UWTQD1zvy6GM	M6r9FEn042UWTQD1zvy6GM	child	skratch	FRAME	main	1	✅ Scratchers - Skai originals	9003-142707	Skai > Play > Casino > Scratchers (1440 x 900px)	1
9003-142712	M6r9FEn042UWTQD1zvy6GM	M6r9FEn042UWTQD1zvy6GM	child	skratch	FRAME	Frame 450	4	✅ Scratchers - Skai originals	9003-142707	Skai > Play > Casino > Scratchers (1440 x 900px)	1
9003-142775	M6r9FEn042UWTQD1zvy6GM	M6r9FEn042UWTQD1zvy6GM	child	skratch	FRAME	Frame 1000004044	6	✅ Scratchers - Skai originals	9003-142707	Skai > Play > Casino > Scratchers (1440 x 900px)	1
9003-142812	M6r9FEn042UWTQD1zvy6GM	M6r9FEn042UWTQD1zvy6GM	child	skratch	FRAME	Desktop	6	✅ Scratchers - Skai originals	9003-142707	Skai > Play > Casino > Scratchers (1440 x 900px)	1
9003-143059	M6r9FEn042UWTQD1zvy6GM	M6r9FEn042UWTQD1zvy6GM	child	skratch	FRAME	section	5	✅ Scratchers - Skai originals	9003-142707	Skai > Play > Casino > Scratchers (1440 x 900px)	1
9003-143184	M6r9FEn042UWTQD1zvy6GM	M6r9FEn042UWTQD1zvy6GM	child	skratch	FRAME	Main container	4	✅ Scratchers - Skai originals	9003-142707	Skai > Play > Casino > Scratchers (1440 x 900px)	1
9003-143292	M6r9FEn042UWTQD1zvy6GM	M6r9FEn042UWTQD1zvy6GM	child	skratch	FRAME	Main container	4	✅ Scratchers - Skai originals	9003-142707	Skai > Play > Casino > Scratchers (1440 x 900px)	1
9003-143343	M6r9FEn042UWTQD1zvy6GM	M6r9FEn042UWTQD1zvy6GM	child	skratch	FRAME	Frame 641	4	✅ Scratchers - Skai originals	9003-142707	Skai > Play > Casino > Scratchers (1440 x 900px)	1
9212-20911	M6r9FEn042UWTQD1zvy6GM	M6r9FEn042UWTQD1zvy6GM	child	skratch	FRAME	Frame 1000004043	1	✅ Scratchers - Skai originals	9212-20910	Desktop	1
9212-21445	M6r9FEn042UWTQD1zvy6GM	M6r9FEn042UWTQD1zvy6GM	child	skratch	FRAME	Frame 1000004041	5	✅ Scratchers - Skai originals	9003-142707	Skai > Play > Casino > Scratchers (1440 x 900px)	1
9212-22275	M6r9FEn042UWTQD1zvy6GM	M6r9FEn042UWTQD1zvy6GM	screen	skratch	(catalogued frame)	Card out	0	✅ Scratchers - Skai originals	9212-22275	Card out	1
3903-24462	mhF3BkzlTaGiLzJ7kvpmVc	mhF3BkzlTaGiLzJ7kvpmVc	screen	trade	(catalogued frame)	Skai > Trade > Perpetual futures (1440 x 900px)	0	✅ Trade 1	3903-24462	Skai > Trade > Perpetual futures (1440 x 900px)	1
3903-25954	mhF3BkzlTaGiLzJ7kvpmVc	mhF3BkzlTaGiLzJ7kvpmVc	screen	trade	(catalogued frame)	Trade panel - Long	0	✅ Trade 1	3903-25954	Trade panel - Long	1
3903-26048	mhF3BkzlTaGiLzJ7kvpmVc	mhF3BkzlTaGiLzJ7kvpmVc	screen	trade	(catalogued frame)	Trade panel - Short	0	✅ Trade 1	3903-26048	Trade panel - Short	1
3903-26142	mhF3BkzlTaGiLzJ7kvpmVc	mhF3BkzlTaGiLzJ7kvpmVc	screen	trade	(catalogued frame)	Trade panel - Short with value	0	✅ Trade 1	3903-26142	Trade panel - Short with value	1
3908-41228	mhF3BkzlTaGiLzJ7kvpmVc	mhF3BkzlTaGiLzJ7kvpmVc	child	trade	INSTANCE	CTA/button	3	✅ Trade 1	3908-39491	Skai > Trade > Perpetual futures - user not signed 1VH (1440 x 900px)	1
3928-67010	mhF3BkzlTaGiLzJ7kvpmVc	mhF3BkzlTaGiLzJ7kvpmVc	child	trade	FRAME	Frame 444	2	✅ Trade 1	3903-21478	Skai > Trade > Perpetual futures 1VH (1440 x 900px)	1
3928-67389	mhF3BkzlTaGiLzJ7kvpmVc	mhF3BkzlTaGiLzJ7kvpmVc	child	trade	FRAME	Frame 445	2	✅ Trade 1	3903-21478	Skai > Trade > Perpetual futures 1VH (1440 x 900px)	1
3928-73251	mhF3BkzlTaGiLzJ7kvpmVc	mhF3BkzlTaGiLzJ7kvpmVc	child	trade	FRAME	main	1	✅ Trade 1	3903-22970	Skai > Trade > Perpetual futures (1440 x 900px)	1
3928-84939	mhF3BkzlTaGiLzJ7kvpmVc	mhF3BkzlTaGiLzJ7kvpmVc	child	trade	FRAME	Right menu	1	✅ Trade 1	3928-83147	Skai > Trade > Perpetual futures > cross/isolated 1VH (1440 x 900px)	1
3931-89692	3sSzw1KewMtUbeLAv7uW0r	mhF3BkzlTaGiLzJ7kvpmVc	retarget	trade	FRAME	Right menu	1	✅ Trade 1	3931-88039	Skai > Trade > Spot > Chart settings 1VH (1440 x 900px)	1
3931-89692	mhF3BkzlTaGiLzJ7kvpmVc	mhF3BkzlTaGiLzJ7kvpmVc	child	trade	FRAME	Right menu	1	✅ Trade 1	3931-88039	Skai > Trade > Spot > Chart settings 1VH (1440 x 900px)	1
3962-29414	3sSzw1KewMtUbeLAv7uW0r	mhF3BkzlTaGiLzJ7kvpmVc	retarget	trade	FRAME	modal	2	✅ Trade 1	3962-8774	Skai > Trade > Spot > Limit > Search pairs 1VH (1440 x 900px)	1
3976-40708	3sSzw1KewMtUbeLAv7uW0r	mhF3BkzlTaGiLzJ7kvpmVc	retarget	trade	FRAME	modal	2	✅ Trade 1	3976-39045	Skai > Trade > Perpetual futures > Order confirmation 1VH (1440 x 900px)	1
4018-42130	mhF3BkzlTaGiLzJ7kvpmVc	mhF3BkzlTaGiLzJ7kvpmVc	child	trade	FRAME	Frame 444	2	✅ Trade 1	4018-40830	Skai > Trade > Perpetual futures > Positions (1440 x 900px)	1
4144-63929	3sSzw1KewMtUbeLAv7uW0r	mhF3BkzlTaGiLzJ7kvpmVc	alias	trade	(alias)		1	✅ Trade 1	4144-63925	Advanced functions (approved)	1
4207-133479	3sSzw1KewMtUbeLAv7uW0r	mhF3BkzlTaGiLzJ7kvpmVc	retarget	trade	(catalogued frame)	Skai > Trade > Perpetual futures > Trade history > share PnL (1440 x 900px)	0	✅ Trade 1	4207-133479	Skai > Trade > Perpetual futures > Trade history > share PnL (1440 x 900px)	1
4437-112650	mhF3BkzlTaGiLzJ7kvpmVc	mhF3BkzlTaGiLzJ7kvpmVc	screen	trade	(catalogued frame)	Skai > Dashboard - positive 1VH (1440 x 900px)	0	✅ Trade 1	4437-112650	Skai > Dashboard - positive 1VH (1440 x 900px)	1
4437-112651	3sSzw1KewMtUbeLAv7uW0r	mhF3BkzlTaGiLzJ7kvpmVc	retarget	trade	FRAME	main	1	✅ Trade 1	4437-112650	Skai > Dashboard - positive 1VH (1440 x 900px)	1
4437-112651	mhF3BkzlTaGiLzJ7kvpmVc	mhF3BkzlTaGiLzJ7kvpmVc	child	trade	FRAME	main	1	✅ Trade 1	4437-112650	Skai > Dashboard - positive 1VH (1440 x 900px)	1
4437-112655	3sSzw1KewMtUbeLAv7uW0r	mhF3BkzlTaGiLzJ7kvpmVc	retarget	trade	FRAME	Frame 345	4	✅ Trade 1	4437-112650	Skai > Dashboard - positive 1VH (1440 x 900px)	1
4437-112671	3sSzw1KewMtUbeLAv7uW0r	mhF3BkzlTaGiLzJ7kvpmVc	retarget	trade	FRAME	Frame 266	3	✅ Trade 1	4437-112650	Skai > Dashboard - positive 1VH (1440 x 900px)	1
4437-112672	3sSzw1KewMtUbeLAv7uW0r	mhF3BkzlTaGiLzJ7kvpmVc	retarget	trade	FRAME	Frame 231	4	✅ Trade 1	4437-112650	Skai > Dashboard - positive 1VH (1440 x 900px)	1
4437-112698	3sSzw1KewMtUbeLAv7uW0r	mhF3BkzlTaGiLzJ7kvpmVc	retarget	trade	INSTANCE	icons/action	7	✅ Trade 1	4437-112650	Skai > Dashboard - positive 1VH (1440 x 900px)	1
4451-126609	mhF3BkzlTaGiLzJ7kvpmVc	mhF3BkzlTaGiLzJ7kvpmVc	child	trade	FRAME	section	2	✅ Trade 1	4451-126554	Skai > Dashboard > Whale activity 1VH (1440 x 900px)	1
4451-127044	mhF3BkzlTaGiLzJ7kvpmVc	mhF3BkzlTaGiLzJ7kvpmVc	child	trade	FRAME	section	2	✅ Trade 1	4451-126989	Skai > Dashboard > Reports 1VH (1440 x 900px)	1
4459-127820	mhF3BkzlTaGiLzJ7kvpmVc	mhF3BkzlTaGiLzJ7kvpmVc	child	trade	FRAME	section	2	✅ Trade 1	4459-127765	Skai > Dashboard > News 1VH (1440 x 900px)	1
7761-224662	3sSzw1KewMtUbeLAv7uW0r	mhF3BkzlTaGiLzJ7kvpmVc	retarget	trade	FRAME	dropdown-3	1	✅ Trade 1	3962-8653	Trade panel - Limit	1
7886-84336	3sSzw1KewMtUbeLAv7uW0r	mhF3BkzlTaGiLzJ7kvpmVc	retarget	trade	FRAME	Frame 11	3	✅ Trade 1	3903-21478	Skai > Trade > Perpetual futures 1VH (1440 x 900px)	1
7886-84336	mhF3BkzlTaGiLzJ7kvpmVc	mhF3BkzlTaGiLzJ7kvpmVc	child	trade	FRAME	Frame 11	3	✅ Trade 1	3903-21478	Skai > Trade > Perpetual futures 1VH (1440 x 900px)	1
7886-85434	3sSzw1KewMtUbeLAv7uW0r	mhF3BkzlTaGiLzJ7kvpmVc	retarget	trade	FRAME	Order book	2	✅ Trade 1	3903-21478	Skai > Trade > Perpetual futures 1VH (1440 x 900px)	1
7886-87844	mhF3BkzlTaGiLzJ7kvpmVc	mhF3BkzlTaGiLzJ7kvpmVc	child	trade	FRAME	main	1	✅ Trade 1	3908-39491	Skai > Trade > Perpetual futures - user not signed 1VH (1440 x 900px)	1
7886-91643	mhF3BkzlTaGiLzJ7kvpmVc	mhF3BkzlTaGiLzJ7kvpmVc	child	trade	FRAME	Frame 6	3	✅ Trade 1	3903-22970	Skai > Trade > Perpetual futures (1440 x 900px)	1
7888-93453	3sSzw1KewMtUbeLAv7uW0r	mhF3BkzlTaGiLzJ7kvpmVc	retarget	trade	FRAME	TradingView	3	✅ Trade 1	3903-24462	Skai > Trade > Perpetual futures (1440 x 900px)	1
7888-94557	mhF3BkzlTaGiLzJ7kvpmVc	mhF3BkzlTaGiLzJ7kvpmVc	child	trade	FRAME	Order book	2	✅ Trade 1	3903-24462	Skai > Trade > Perpetual futures (1440 x 900px)	1
7888-94828	3sSzw1KewMtUbeLAv7uW0r	mhF3BkzlTaGiLzJ7kvpmVc	retarget	trade	FRAME	Frame 447	2	✅ Trade 1	3903-24462	Skai > Trade > Perpetual futures (1440 x 900px)	1
7888-94833	mhF3BkzlTaGiLzJ7kvpmVc	mhF3BkzlTaGiLzJ7kvpmVc	child	trade	FRAME	Frame 336	7	✅ Trade 1	3903-24462	Skai > Trade > Perpetual futures (1440 x 900px)	1
7888-95165	3sSzw1KewMtUbeLAv7uW0r	mhF3BkzlTaGiLzJ7kvpmVc	retarget	trade	FRAME	Frame 448	2	✅ Trade 1	3903-22970	Skai > Trade > Perpetual futures (1440 x 900px)	1
7888-95181	mhF3BkzlTaGiLzJ7kvpmVc	mhF3BkzlTaGiLzJ7kvpmVc	child	trade	FRAME	Frame 298	4	✅ Trade 1	3903-22970	Skai > Trade > Perpetual futures (1440 x 900px)	1
7888-95188	mhF3BkzlTaGiLzJ7kvpmVc	mhF3BkzlTaGiLzJ7kvpmVc	child	trade	FRAME	middle	9	✅ Trade 1	3903-22970	Skai > Trade > Perpetual futures (1440 x 900px)	1
7890-132982	3sSzw1KewMtUbeLAv7uW0r	mhF3BkzlTaGiLzJ7kvpmVc	retarget	trade	FRAME	Frame 160	5	✅ Trade 1	4020-47586	Skai > Trade > Perpetual futures > Orders (1440 x 900px)	1
7890-134142	mhF3BkzlTaGiLzJ7kvpmVc	mhF3BkzlTaGiLzJ7kvpmVc	child	trade	FRAME	Frame 446	6	✅ Trade 1	4020-47586	Skai > Trade > Perpetual futures > Orders (1440 x 900px)	1
7909-43414	mhF3BkzlTaGiLzJ7kvpmVc	mhF3BkzlTaGiLzJ7kvpmVc	child	trade	FRAME	sidebar	1	✅ Trade 1	3903-24462	Skai > Trade > Perpetual futures (1440 x 900px)	1
8493-110256	3sSzw1KewMtUbeLAv7uW0r	mhF3BkzlTaGiLzJ7kvpmVc	retarget	trade	FRAME	Frame 1161	6	✅ Trade 1	4437-112650	Skai > Dashboard - positive 1VH (1440 x 900px)	1
9050-213899	3sSzw1KewMtUbeLAv7uW0r	mhF3BkzlTaGiLzJ7kvpmVc	alias	trade	(alias)		1	✅ Trade 1	9050-212503	Skai > Trade > Spot - timeframe dropdown 1VH (768 x 1024px)	1
9069-261059	3sSzw1KewMtUbeLAv7uW0r	mhF3BkzlTaGiLzJ7kvpmVc	alias	trade	(alias)		1	✅ Trade 1	9069-259546	Skai > Trade > Spot > Chart settings 1VH (768 x 1024px)	1
9104-77789	3sSzw1KewMtUbeLAv7uW0r	mhF3BkzlTaGiLzJ7kvpmVc	alias	trade	(alias)		1	✅ Trade 1	9102-300724	Skai > Trade > Perpetual Futures - Market long 1VH (768 x 1024px)	1
13006-134424	mhF3BkzlTaGiLzJ7kvpmVc	mhF3BkzlTaGiLzJ7kvpmVc	child	trade-2	FRAME	Frame 6	9	✅ Trade 2	13006-134301	Skai > Trench 1VH (1440 x 900px)	1
13006-146207	mhF3BkzlTaGiLzJ7kvpmVc	mhF3BkzlTaGiLzJ7kvpmVc	child	trade-2	FRAME	dropdown	1	✅ Trade 2	13006-144635	Skai > Trade - dropdown 1VH (1440 x 900px)	1
13006-146235	mhF3BkzlTaGiLzJ7kvpmVc	mhF3BkzlTaGiLzJ7kvpmVc	child	trade-2	FRAME	Frame 521	2	✅ Trade 2	13006-146233	Skai > Launch 1VH (1440 x 900px)	1
13006-146267	mhF3BkzlTaGiLzJ7kvpmVc	mhF3BkzlTaGiLzJ7kvpmVc	child	trade-2	FRAME	Frame 345	4	✅ Trade 2	13006-146233	Skai > Launch 1VH (1440 x 900px)	1
13006-146464	mhF3BkzlTaGiLzJ7kvpmVc	mhF3BkzlTaGiLzJ7kvpmVc	child	trade-2	FRAME	Frame 604	3	✅ Trade 2	13006-146233	Skai > Launch 1VH (1440 x 900px)	1
13006-147304	mhF3BkzlTaGiLzJ7kvpmVc	mhF3BkzlTaGiLzJ7kvpmVc	child	trade-2	FRAME	Trench scroller	2	✅ Trade 2	13006-146233	Skai > Launch 1VH (1440 x 900px)	1
13006-147365	mhF3BkzlTaGiLzJ7kvpmVc	mhF3BkzlTaGiLzJ7kvpmVc	child	trade-2	FRAME	Trench scroller	1	✅ Trade 2	13006-146233	Skai > Launch 1VH (1440 x 900px)	1
13006-147429	mhF3BkzlTaGiLzJ7kvpmVc	mhF3BkzlTaGiLzJ7kvpmVc	child	trade-2	FRAME	sidebar	1	✅ Trade 2	13006-146233	Skai > Launch 1VH (1440 x 900px)	1
13006-147487	mhF3BkzlTaGiLzJ7kvpmVc	mhF3BkzlTaGiLzJ7kvpmVc	child	trade-2	FRAME	main	1	✅ Trade 2	13006-147486	Skai > Launch > create token 1VH (1440 x 900px)	1
13006-158615	mhF3BkzlTaGiLzJ7kvpmVc	mhF3BkzlTaGiLzJ7kvpmVc	child	trade-2	FRAME	Frame 1178	2	✅ Trade 2	13006-155671	Skai > Trench > Display settings 1VH (1440 x 900px)	1
13006-165060	mhF3BkzlTaGiLzJ7kvpmVc	mhF3BkzlTaGiLzJ7kvpmVc	child	trade-2	FRAME	list	5	✅ Trade 2	13006-162230	Skai > Trench > Hotkeys 1VH (1440 x 900px)	1
13006-165149	mhF3BkzlTaGiLzJ7kvpmVc	mhF3BkzlTaGiLzJ7kvpmVc	child	trade-2	FRAME	Frame 1178	2	✅ Trade 2	13006-162230	Skai > Trench > Hotkeys 1VH (1440 x 900px)	1
13006-191527	mhF3BkzlTaGiLzJ7kvpmVc	mhF3BkzlTaGiLzJ7kvpmVc	child	trade-2	INSTANCE	input/toggle	5	✅ Trade 2	13006-188690	Skai > Trench > Alerts - toggle on 1VH (1440 x 900px)	1
13006-194608	mhF3BkzlTaGiLzJ7kvpmVc	mhF3BkzlTaGiLzJ7kvpmVc	child	trade-2	FRAME	modal	2	✅ Trade 2	13006-191789	Skai > Trench > Blacklist 1VH (1440 x 900px)	1
13006-194613	mhF3BkzlTaGiLzJ7kvpmVc	mhF3BkzlTaGiLzJ7kvpmVc	child	trade-2	INSTANCE	CTA/button	5	✅ Trade 2	13006-191789	Skai > Trench > Blacklist 1VH (1440 x 900px)	1
13006-194652	mhF3BkzlTaGiLzJ7kvpmVc	mhF3BkzlTaGiLzJ7kvpmVc	child	trade-2	INSTANCE	CTA/button	5	✅ Trade 2	13006-191789	Skai > Trench > Blacklist 1VH (1440 x 900px)	1
13006-201800	mhF3BkzlTaGiLzJ7kvpmVc	mhF3BkzlTaGiLzJ7kvpmVc	child	trade-2	FRAME	modal	2	✅ Trade 2	13006-198981	Skai > Trench > One-click trade settings - modal off 1VH (1440 x 900px)	1
13006-201814	mhF3BkzlTaGiLzJ7kvpmVc	mhF3BkzlTaGiLzJ7kvpmVc	child	trade-2	INSTANCE	CTA/button	5	✅ Trade 2	13006-198981	Skai > Trench > One-click trade settings - modal off 1VH (1440 x 900px)	1
13006-204639	mhF3BkzlTaGiLzJ7kvpmVc	mhF3BkzlTaGiLzJ7kvpmVc	child	trade-2	FRAME	modal	2	✅ Trade 2	13006-201820	Skai > Trench > One-click trade settings - modal buy 1VH (1440 x 900px)	1
13006-204666	mhF3BkzlTaGiLzJ7kvpmVc	mhF3BkzlTaGiLzJ7kvpmVc	screen	trade-2	(catalogued frame)		0	✅ Trade 2	13006-204666		1
13006-207496	mhF3BkzlTaGiLzJ7kvpmVc	mhF3BkzlTaGiLzJ7kvpmVc	child	trade-2	FRAME	input/primary-inputs	4	✅ Trade 2	13006-204666	Skai > Trench > One-click trade settings - modal sell 1VH (1440 x 900px)	1
13006-210579	mhF3BkzlTaGiLzJ7kvpmVc	mhF3BkzlTaGiLzJ7kvpmVc	child	trade-2	FRAME	Frame 6	3	✅ Trade 2	13006-210576	Skai > Trench > Trade 1VH (1440 x 900px)	1
13006-210718	mhF3BkzlTaGiLzJ7kvpmVc	mhF3BkzlTaGiLzJ7kvpmVc	child	trade-2	FRAME	Row 2	4	✅ Trade 2	13006-210576	Skai > Trench > Trade 1VH (1440 x 900px)	1
13006-212013	mhF3BkzlTaGiLzJ7kvpmVc	mhF3BkzlTaGiLzJ7kvpmVc	child	trade-2	FRAME	section	3	✅ Trade 2	13006-210576	Skai > Trench > Trade 1VH (1440 x 900px)	1
13006-212076	mhF3BkzlTaGiLzJ7kvpmVc	mhF3BkzlTaGiLzJ7kvpmVc	child	trade-2	FRAME	Multi-panel - combined	2	✅ Trade 2	13006-210576	Skai > Trench > Trade 1VH (1440 x 900px)	1
13006-212078	mhF3BkzlTaGiLzJ7kvpmVc	mhF3BkzlTaGiLzJ7kvpmVc	child	trade-2	FRAME	Frame 429	4	✅ Trade 2	13006-210576	Skai > Trench > Trade 1VH (1440 x 900px)	1
13006-212219	mhF3BkzlTaGiLzJ7kvpmVc	mhF3BkzlTaGiLzJ7kvpmVc	child	trade-2	FRAME	Frame 1153	6	✅ Trade 2	13006-210576	Skai > Trench > Trade 1VH (1440 x 900px)	1
13006-252007	mhF3BkzlTaGiLzJ7kvpmVc	mhF3BkzlTaGiLzJ7kvpmVc	child	trade-2	FRAME	dropdown	1	✅ Trade 2	13006-250464	Skai > Trade - dropdown 1VH (1440 x 900px)	1
13006-252239	mhF3BkzlTaGiLzJ7kvpmVc	mhF3BkzlTaGiLzJ7kvpmVc	child	trade-2	FRAME	Frame 218	3	✅ Trade 2	13006-252220	sidebar - open - trench	1
13006-252244	mhF3BkzlTaGiLzJ7kvpmVc	mhF3BkzlTaGiLzJ7kvpmVc	child	trade-2	FRAME	internal	3	✅ Trade 2	13006-252220	sidebar - open - trench	1
2998-19599	3sSzw1KewMtUbeLAv7uW0r	mhF3BkzlTaGiLzJ7kvpmVc	retarget	wallet	(catalogued frame)	Skai > Wallet 1VH (1440 x 900px)	0	✅ Wallet 1	2998-19599	Skai > Wallet 1VH (1440 x 900px)	1
3023-12587	mhF3BkzlTaGiLzJ7kvpmVc	mhF3BkzlTaGiLzJ7kvpmVc	child	wallet	FRAME	inputs	2	✅ Wallet 1	3023-11938	Skai > Wallet > get the app > new user > create new wallet 1VH (1440 x 900px)	1
3023-15259	mhF3BkzlTaGiLzJ7kvpmVc	mhF3BkzlTaGiLzJ7kvpmVc	child	wallet	FRAME	CTA-grouped	3	✅ Wallet 1	3023-11938	Skai > Wallet > get the app > new user > create new wallet 1VH (1440 x 900px)	1
3023-15273	3sSzw1KewMtUbeLAv7uW0r	mhF3BkzlTaGiLzJ7kvpmVc	retarget	wallet	FRAME	main	1	✅ Wallet 1	3023-11938	Skai > Wallet > get the app > new user > create new wallet 1VH (1440 x 900px)	1
3026-16854	mhF3BkzlTaGiLzJ7kvpmVc	mhF3BkzlTaGiLzJ7kvpmVc	child	wallet	FRAME	Frame 172	2	✅ Wallet 1	3026-16493	Skai > Wallet > continue on web > home 1VH (1440 x 900px)	1
3026-16856	mhF3BkzlTaGiLzJ7kvpmVc	mhF3BkzlTaGiLzJ7kvpmVc	child	wallet	FRAME	Frame 269	2	✅ Wallet 1	3026-16493	Skai > Wallet > continue on web > home 1VH (1440 x 900px)	1
3044-17483	mhF3BkzlTaGiLzJ7kvpmVc	mhF3BkzlTaGiLzJ7kvpmVc	child	wallet	FRAME	Frame 289	5	✅ Wallet 1	3026-16493	Skai > Wallet > continue on web > home 1VH (1440 x 900px)	1
3046-17493	3sSzw1KewMtUbeLAv7uW0r	mhF3BkzlTaGiLzJ7kvpmVc	retarget	wallet	FRAME	Frame 332	5	✅ Wallet 1	3026-16493	Skai > Wallet > continue on web > home 1VH (1440 x 900px)	1
3046-17494	mhF3BkzlTaGiLzJ7kvpmVc	mhF3BkzlTaGiLzJ7kvpmVc	child	wallet	FRAME	Frame 333	5	✅ Wallet 1	3026-16493	Skai > Wallet > continue on web > home 1VH (1440 x 900px)	1
3070-854	mhF3BkzlTaGiLzJ7kvpmVc	mhF3BkzlTaGiLzJ7kvpmVc	child	wallet	FRAME	Frame 285	3	✅ Wallet 1	3070-775	Skai > Wallet > continue on web > home - skin 3 1VH (1440 x 900px)	1
3070-882	mhF3BkzlTaGiLzJ7kvpmVc	mhF3BkzlTaGiLzJ7kvpmVc	child	wallet	FRAME	Frame 327	8	✅ Wallet 1	3070-775	Skai > Wallet > continue on web > home - skin 3 1VH (1440 x 900px)	1
3080-811	3sSzw1KewMtUbeLAv7uW0r	mhF3BkzlTaGiLzJ7kvpmVc	retarget	wallet	(catalogued frame)	Skai > Wallet > continue on web > home > right-sidecar > wallet accounts 1VH (1440 x 900px)	0	✅ Wallet 1	3080-811	Skai > Wallet > continue on web > home > right-sidecar > wallet accounts 1VH (1440 x 900px)	1
7479-136147	mhF3BkzlTaGiLzJ7kvpmVc	mhF3BkzlTaGiLzJ7kvpmVc	child	wallet	FRAME	modal	2	✅ Wallet 1	7479-135805	Skai > Wallet > continue on web > home > right-sidecar > wallet multi menu > Export private key 1VH (1440 x 900px)	1
7479-136166	mhF3BkzlTaGiLzJ7kvpmVc	mhF3BkzlTaGiLzJ7kvpmVc	child	wallet	INSTANCE	input/primary-inputs	3	✅ Wallet 1	7479-135805	Skai > Wallet > continue on web > home > right-sidecar > wallet multi menu > Export private key 1VH (1440 x 900px)	1
7479-136553	mhF3BkzlTaGiLzJ7kvpmVc	mhF3BkzlTaGiLzJ7kvpmVc	child	wallet	FRAME	modal	2	✅ Wallet 1	7479-136195	Skai > Wallet > continue on web > home > right-sidecar > wallet multi menu > Export private key - reveal 1VH (1440 x 900px)	1
7479-136567	mhF3BkzlTaGiLzJ7kvpmVc	mhF3BkzlTaGiLzJ7kvpmVc	child	wallet	FRAME	card	3	✅ Wallet 1	7479-136195	Skai > Wallet > continue on web > home > right-sidecar > wallet multi menu > Export private key - reveal 1VH (1440 x 900px)	1
7479-136575	mhF3BkzlTaGiLzJ7kvpmVc	mhF3BkzlTaGiLzJ7kvpmVc	child	wallet	FRAME	Frame 203	3	✅ Wallet 1	7479-136195	Skai > Wallet > continue on web > home > right-sidecar > wallet multi menu > Export private key - reveal 1VH (1440 x 900px)	1
7479-137155	mhF3BkzlTaGiLzJ7kvpmVc	mhF3BkzlTaGiLzJ7kvpmVc	child	wallet	FRAME	modal	2	✅ Wallet 1	7479-136955	Skai > Wallet > continue on web > home > right-sidecar > wallet multi menu > Remove wallet 1VH (1440 x 900px)	1
7479-137162	mhF3BkzlTaGiLzJ7kvpmVc	mhF3BkzlTaGiLzJ7kvpmVc	child	wallet	FRAME	content	4	✅ Wallet 1	7479-136955	Skai > Wallet > continue on web > home > right-sidecar > wallet multi menu > Remove wallet 1VH (1440 x 900px)	1
7479-137167	mhF3BkzlTaGiLzJ7kvpmVc	mhF3BkzlTaGiLzJ7kvpmVc	child	wallet	FRAME	card	3	✅ Wallet 1	7479-136955	Skai > Wallet > continue on web > home > right-sidecar > wallet multi menu > Remove wallet 1VH (1440 x 900px)	1
7479-137175	mhF3BkzlTaGiLzJ7kvpmVc	mhF3BkzlTaGiLzJ7kvpmVc	child	wallet	FRAME	Frame 203	3	✅ Wallet 1	7479-136955	Skai > Wallet > continue on web > home > right-sidecar > wallet multi menu > Remove wallet 1VH (1440 x 900px)	1
7479-137527	mhF3BkzlTaGiLzJ7kvpmVc	mhF3BkzlTaGiLzJ7kvpmVc	child	wallet	FRAME	Frame 338	1	✅ Wallet 1	7479-137328	Skai > Wallet > continue on web > home > right-sidecar > Add wallet 1VH (1440 x 900px)	1
7479-139312	mhF3BkzlTaGiLzJ7kvpmVc	mhF3BkzlTaGiLzJ7kvpmVc	child	wallet	FRAME	modal	2	✅ Wallet 1	7479-137772	Skai > Wallet > continue on web > home > right-sidecar > Add wallet > Create new 1VH (1440 x 900px)	1
7482-144255	3sSzw1KewMtUbeLAv7uW0r	mhF3BkzlTaGiLzJ7kvpmVc	retarget	wallet	FRAME	Skai > Wallet > continue on web > home > right-sidecar > Add wallet > Import existing > Private key 1VH (1440 x 900px)	0	✅ Wallet 1	7482-144255	Skai > Wallet > continue on web > home > right-sidecar > Add wallet > Import existing > Private key 1VH (1440 x 900px)	1
7482-144455	mhF3BkzlTaGiLzJ7kvpmVc	mhF3BkzlTaGiLzJ7kvpmVc	child	wallet	FRAME	modal	2	✅ Wallet 1	7482-144255	Skai > Wallet > continue on web > home > right-sidecar > Add wallet > Import existing > Private key 1VH (1440 x 900px)	1
7491-148664	3sSzw1KewMtUbeLAv7uW0r	mhF3BkzlTaGiLzJ7kvpmVc	retarget	wallet	FRAME	Main container	2	✅ Wallet 1	7491-148345	Skai > Wallet > continue on web > home - skin 2 > Share net worth 1VH (1440 x 900px)	1
7491-148699	mhF3BkzlTaGiLzJ7kvpmVc	mhF3BkzlTaGiLzJ7kvpmVc	child	wallet	INSTANCE	input/primary-inputs	5	✅ Wallet 1	7491-148345	Skai > Wallet > continue on web > home - skin 2 > Share net worth 1VH (1440 x 900px)	1
7491-148700	mhF3BkzlTaGiLzJ7kvpmVc	mhF3BkzlTaGiLzJ7kvpmVc	child	wallet	FRAME	input/primary-inputs	5	✅ Wallet 1	7491-148345	Skai > Wallet > continue on web > home - skin 2 > Share net worth 1VH (1440 x 900px)	1
7491-148716	mhF3BkzlTaGiLzJ7kvpmVc	mhF3BkzlTaGiLzJ7kvpmVc	child	wallet	FRAME	CTA/button	5	✅ Wallet 1	7491-148345	Skai > Wallet > continue on web > home - skin 2 > Share net worth 1VH (1440 x 900px)	1
7491-148751	3sSzw1KewMtUbeLAv7uW0r	mhF3BkzlTaGiLzJ7kvpmVc	retarget	wallet	FRAME	PnL post - up with profit ALT	2	✅ Wallet 1	7491-148345	Skai > Wallet > continue on web > home - skin 2 > Share net worth 1VH (1440 x 900px)	1
7491-149453	mhF3BkzlTaGiLzJ7kvpmVc	mhF3BkzlTaGiLzJ7kvpmVc	child	wallet	FRAME	Frame 393	3	✅ Wallet 1	7491-148345	Skai > Wallet > continue on web > home - skin 2 > Share net worth 1VH (1440 x 900px)	1
7492-150283	mhF3BkzlTaGiLzJ7kvpmVc	mhF3BkzlTaGiLzJ7kvpmVc	child	wallet	FRAME	Frame 347	4	✅ Wallet 1	7491-148345	Skai > Wallet > continue on web > home - skin 2 > Share net worth 1VH (1440 x 900px)	1
7492-150310	mhF3BkzlTaGiLzJ7kvpmVc	mhF3BkzlTaGiLzJ7kvpmVc	child	wallet	FRAME	Frame 397	5	✅ Wallet 1	7491-148345	Skai > Wallet > continue on web > home - skin 2 > Share net worth 1VH (1440 x 900px)	1
7630-110860	3sSzw1KewMtUbeLAv7uW0r	mhF3BkzlTaGiLzJ7kvpmVc	retarget	wallet	(catalogued frame)	Cards - with skins	0	✅ Wallet 1	7630-110860	Cards - with skins	1
9941-238158	3sSzw1KewMtUbeLAv7uW0r	mhF3BkzlTaGiLzJ7kvpmVc	retarget	wallet	FRAME	modal	2	✅ Wallet 1	7482-142212	Skai > Wallet > continue on web > home > right-sidecar > Add wallet > Import existing > Recovery phrase 1VH (1440 x 900px)	1
9941-238158	mhF3BkzlTaGiLzJ7kvpmVc	mhF3BkzlTaGiLzJ7kvpmVc	child	wallet	FRAME	modal	2	✅ Wallet 1	7482-142212	Skai > Wallet > continue on web > home > right-sidecar > Add wallet > Import existing > Recovery phrase 1VH (1440 x 900px)	1
13008-28901	mhF3BkzlTaGiLzJ7kvpmVc	mhF3BkzlTaGiLzJ7kvpmVc	child	wallet-2	FRAME	Frame 345	2	✅ Wallet 2	13008-28886	Skai > Wallet > continue on web > home > chart 1VH (1440 x 900px)	1
13008-28908	mhF3BkzlTaGiLzJ7kvpmVc	mhF3BkzlTaGiLzJ7kvpmVc	child	wallet-2	FRAME	Frame 270	3	✅ Wallet 2	13008-28886	Skai > Wallet > continue on web > home > chart 1VH (1440 x 900px)	1
13008-28946	mhF3BkzlTaGiLzJ7kvpmVc	mhF3BkzlTaGiLzJ7kvpmVc	child	wallet-2	FRAME	Simple Chart line	3	✅ Wallet 2	13008-28886	Skai > Wallet > continue on web > home > chart 1VH (1440 x 900px)	1
13008-29589	mhF3BkzlTaGiLzJ7kvpmVc	mhF3BkzlTaGiLzJ7kvpmVc	screen	wallet-2	(catalogued frame)	Skai > Wallet > continue on web > home > bridge 1VH (1440 x 900px)	0	✅ Wallet 2	13008-29589	Skai > Wallet > continue on web > home > bridge 1VH (1440 x 900px)	1
13008-29809	mhF3BkzlTaGiLzJ7kvpmVc	mhF3BkzlTaGiLzJ7kvpmVc	child	wallet-2	FRAME	Frame 337	1	✅ Wallet 2	13008-29693	Skai > Wallet > continue on web > home > bridge > bridge settings 1VH (1440 x 900px)	1
13008-29852	mhF3BkzlTaGiLzJ7kvpmVc	mhF3BkzlTaGiLzJ7kvpmVc	child	wallet-2	FRAME	Frame 345	2	✅ Wallet 2	13008-29837	Skai > Wallet > continue on web > home > insights 1VH (1440 x 900px)	1
13008-29859	mhF3BkzlTaGiLzJ7kvpmVc	mhF3BkzlTaGiLzJ7kvpmVc	child	wallet-2	FRAME	Frame 270	3	✅ Wallet 2	13008-29837	Skai > Wallet > continue on web > home > insights 1VH (1440 x 900px)	1
13008-30032	mhF3BkzlTaGiLzJ7kvpmVc	mhF3BkzlTaGiLzJ7kvpmVc	child	wallet-2	FRAME	Main container	1	✅ Wallet 2	13008-30018	Skai > Wallet > continue on web > home > share 1VH (1440 x 900px)	1
13008-32473	mhF3BkzlTaGiLzJ7kvpmVc	mhF3BkzlTaGiLzJ7kvpmVc	child	wallet-2	FRAME	Frame 345	2	✅ Wallet 2	13008-31653	Skai > Wallet > continue on web > home > share - Expand 1VH (1440 x 900px)	1
13008-34634	mhF3BkzlTaGiLzJ7kvpmVc	mhF3BkzlTaGiLzJ7kvpmVc	screen	wallet-2	(catalogued frame)	Gradient	0	✅ Wallet 2	13008-34634	Gradient	1
13008-36181	mhF3BkzlTaGiLzJ7kvpmVc	mhF3BkzlTaGiLzJ7kvpmVc	child	wallet-2	FRAME	Frame 345	2	✅ Wallet 2	13008-36166	Skai > Wallet > continue on web > home > spending 1VH (1440 x 900px)	1
13008-36228	mhF3BkzlTaGiLzJ7kvpmVc	mhF3BkzlTaGiLzJ7kvpmVc	child	wallet-2	FRAME	Frame 299	4	✅ Wallet 2	13008-36166	Skai > Wallet > continue on web > home > spending 1VH (1440 x 900px)	1
13008-36541	mhF3BkzlTaGiLzJ7kvpmVc	mhF3BkzlTaGiLzJ7kvpmVc	child	wallet-2	FRAME	Frame 337	1	✅ Wallet 2	13008-36367	Skai > Wallet > continue on web > home > Approvals 1VH (1440 x 900px)	1
13008-36714	mhF3BkzlTaGiLzJ7kvpmVc	mhF3BkzlTaGiLzJ7kvpmVc	child	wallet-2	FRAME	Frame 373	4	✅ Wallet 2	13008-36677	Skai > Wallet > continue on web > home > batch - step 1 1VH (1440 x 900px)	1
13008-37464	mhF3BkzlTaGiLzJ7kvpmVc	mhF3BkzlTaGiLzJ7kvpmVc	child	wallet-2	FRAME	Frame 346	2	✅ Wallet 2	13008-37430	Skai > Wallet > continue on web > home > request from user - step 1 1VH (1440 x 900px)	1
13008-37537	mhF3BkzlTaGiLzJ7kvpmVc	mhF3BkzlTaGiLzJ7kvpmVc	child	wallet-2	FRAME	Main container	1	✅ Wallet 2	13008-37523	Skai > Wallet > continue on web > home > request with QR - step 2 1VH (1440 x 900px)	1
13008-37635	mhF3BkzlTaGiLzJ7kvpmVc	mhF3BkzlTaGiLzJ7kvpmVc	child	wallet-2	FRAME	Main container	1	✅ Wallet 2	13008-37621	Skai > Wallet > continue on web > home > request from user - step 2 1VH (1440 x 900px)	1
13008-37660	mhF3BkzlTaGiLzJ7kvpmVc	mhF3BkzlTaGiLzJ7kvpmVc	child	wallet-2	FRAME	Frame 366	4	✅ Wallet 2	13008-37621	Skai > Wallet > continue on web > home > request from user - step 2 1VH (1440 x 900px)	1
13008-37672	mhF3BkzlTaGiLzJ7kvpmVc	mhF3BkzlTaGiLzJ7kvpmVc	child	wallet-2	FRAME	input/primary-inputs	4	✅ Wallet 2	13008-37621	Skai > Wallet > continue on web > home > request from user - step 2 1VH (1440 x 900px)	1
#
# APPENDED 2026-08-19 - 7 new /rewards reports (552faf00, 2d17587a, b216f949, 757d795c,
# edcbc1d6, 3236d523, 9c5e45f9) post-date the 2026-08-13 build above, so none of their
# nodes were in it. Resolved by hand via get_metadata rather than the .parent walk:
#   8911-163463/163817/163781 tile the 1440x900 Rewards screen exactly (main x=58 y=92,
#     sidebar x=0 w=58, header y=0 h=92), which is how the owning screen was established.
#   8911-163781 is an INSTANCE of the shared Header-desktop-two-layer component - app-wide
#     chrome, NOT a rewards-specific frame. Treat b216f949 as a header-component question.
#   8911-161038 is the account menu ('dropdown-3'); its parent was NOT walked, so the
#     owningScreen columns are deliberately blank rather than guessed.
#   8909-139269 / 8909-141201 are both full 1440x900 overlay frames (the Sponsor market
#     rewards modal, steps 1 and 2) and are recorded as screens in their own right.
#
8911-163463	3sSzw1KewMtUbeLAv7uW0r	3sSzw1KewMtUbeLAv7uW0r	child	predict	FRAME	main	1	✅ Predict	8911-163462	Skai > Predict > Rewards 1VH (1440 x 900px)	1
8911-163817	3sSzw1KewMtUbeLAv7uW0r	3sSzw1KewMtUbeLAv7uW0r	child	predict	FRAME	sidebar	1	✅ Predict	8911-163462	Skai > Predict > Rewards 1VH (1440 x 900px)	1
8911-163781	3sSzw1KewMtUbeLAv7uW0r	3sSzw1KewMtUbeLAv7uW0r	child	predict	INSTANCE	Header-desktop-two-layer	1	✅ Predict	8911-163462	Skai > Predict > Rewards 1VH (1440 x 900px)	1
8911-161038	3sSzw1KewMtUbeLAv7uW0r	3sSzw1KewMtUbeLAv7uW0r	child	predict	FRAME	dropdown-3					1
8909-139269	3sSzw1KewMtUbeLAv7uW0r	3sSzw1KewMtUbeLAv7uW0r	screen	predict	FRAME	Overlay	0	✅ Predict	8909-139269	Sponsor market rewards - step 1 (disclosure) 1440x900	1
8909-141201	3sSzw1KewMtUbeLAv7uW0r	3sSzw1KewMtUbeLAv7uW0r	screen	predict	FRAME	Overlay	0	✅ Predict	8909-141201	Sponsor market rewards - step 2 (deposit) 1440x900	1
# 2026-08-26 REFRESH - layer D re-run against the CURRENT open backlog.
#   Source: bug_reports status in (new,needs_info,triaged,in_progress,backlog) with a figma_link,
#   plus free-text figma.com URLs. 279 reports -> 256 distinct (fileKey,node) pairs.
#   Of those 256: 10 were already registry frames, 65 already bugref-aliases rows, 39 already
#   indexed here, and the remaining 142 were unaccounted for. All 142 are appended below.
#   ALL 142 RESOLVED - zero `gone`. The gap was staleness, not deletion: this index was last
#   built 2026-08-13 and the backlog has turned over since.
#
# CAUTION for whoever re-runs this: 34 of the owning screens named below have NO registry.json
#   row. My first reading of that was WRONG and is recorded here so nobody repeats it: I called it
#   a layer-B coverage gap. It is not. 33 of the 34 are already present in predict/play/social
#   .nodes.txt - the SOURCE lists are complete. Only the DERIVED registry.json is behind, because
#   it was generated 2026-08-20 while the node lists have grown since (pages.json was re-harvested
#   2026-08-26). The fix is `node build-registry.mjs`, not adding ids.
#   ONE id is genuinely absent from any source list: 10130-14013 on the Games Towers page.
#   ! The general lesson: registry.json is a DERIVED artifact. Diffing against it and concluding
#   "the catalog is missing X" measures the rebuild date, not coverage. Check <section>.nodes.txt
#   before calling anything a gap.
#
# ! Frame TITLES in the Games file routinely name a DIFFERENT game than the page that owns them
#   (owningScreenTitle "...Blackjack..." on page "Limbo", "...Scratchers..." on page "Roulette").
#   The PAGE column is the reliable one. See TRAPS.md.
10227-200411	3sSzw1KewMtUbeLAv7uW0r	3sSzw1KewMtUbeLAv7uW0r	screen	social	FRAME	dropdown-members	0	✅ Social	10227-200411	dropdown-members	1
10232-201330	3sSzw1KewMtUbeLAv7uW0r	3sSzw1KewMtUbeLAv7uW0r	child	social	FRAME	Right menu	1	✅ Social	10232-200912	Skai > Social > Groups - search > Discover > View group > Adjust settings (1440 x 900px)	1
3456-3144	3sSzw1KewMtUbeLAv7uW0r	3sSzw1KewMtUbeLAv7uW0r	child	predict	FRAME	main	1	✅ Predict	3456-3142	Skai > Predict > sports > Futures (1440 x 900px)	1
3558-39826	3sSzw1KewMtUbeLAv7uW0r	3sSzw1KewMtUbeLAv7uW0r	child	predict	FRAME	Prediction markets	2	✅ Predict	3554-10890	Skai > Predict > Dashboard 1VH (1440 x 900px)	1
3562-40406	3sSzw1KewMtUbeLAv7uW0r	3sSzw1KewMtUbeLAv7uW0r	child	predict	FRAME	Prediction markets	2	✅ Predict	3562-40397	Skai > Predict > Dashboard (1440 x 900px)	1
3620-47891	3sSzw1KewMtUbeLAv7uW0r	3sSzw1KewMtUbeLAv7uW0r	child	predict	FRAME	Prediction markets	2	✅ Predict	3620-47881	Skai > Predict > Dashboard > Elections (1440 x 900px)	1
3624-51457	3sSzw1KewMtUbeLAv7uW0r	3sSzw1KewMtUbeLAv7uW0r	child	predict	FRAME	Prediction markets	2	✅ Predict	3624-51447	Skai > Predict > Dashboard > Economy (1440 x 900px)	1
3631-56793	3sSzw1KewMtUbeLAv7uW0r	3sSzw1KewMtUbeLAv7uW0r	screen	predict	FRAME	Calendar - multiple dates	0	✅ Predict	3631-56793	Calendar - multiple dates	1
3639-56861	3sSzw1KewMtUbeLAv7uW0r	3sSzw1KewMtUbeLAv7uW0r	child	predict	FRAME	Prediction markets	2	✅ Predict	3631-56374	Skai > Predict > Dashboard > Sports (1440 x 900px)	1
3640-58289	3sSzw1KewMtUbeLAv7uW0r	3sSzw1KewMtUbeLAv7uW0r	child	predict	FRAME	main	1	✅ Predict	3640-58287	Skai > Predict > Dashboard > Oscars (1440 x 900px)	1
4599-53226	3sSzw1KewMtUbeLAv7uW0r	3sSzw1KewMtUbeLAv7uW0r	child	play	FRAME	Main container	1	✅ Play	4599-53456	Bets - Recent	1
4601-61647	3sSzw1KewMtUbeLAv7uW0r	3sSzw1KewMtUbeLAv7uW0r	child	play	FRAME	Frame 606	6	✅ Play	4595-49807	Skai > Play 1VH (1440 x 900px)	1
4623-65354	3sSzw1KewMtUbeLAv7uW0r	3sSzw1KewMtUbeLAv7uW0r	screen	play	FRAME	sidebar - open - sportsbook | scroll	0	✅ Play	4623-65354	sidebar - open - sportsbook | scroll	1
4623-65431	3sSzw1KewMtUbeLAv7uW0r	3sSzw1KewMtUbeLAv7uW0r	child	play	FRAME	Top main	1	✅ Play	4623-65430	sidebar - open casino	1
4676-39208	3sSzw1KewMtUbeLAv7uW0r	3sSzw1KewMtUbeLAv7uW0r	child	play	FRAME	Frame 650	2	✅ Play	4623-65430	sidebar - open casino	1
4711-28758	3sSzw1KewMtUbeLAv7uW0r	3sSzw1KewMtUbeLAv7uW0r	child	play	FRAME	sidebar	1	✅ Play	4711-28434	Skai > Play > Casino (1440 x 900px)	1
4714-31724	3sSzw1KewMtUbeLAv7uW0r	3sSzw1KewMtUbeLAv7uW0r	child	play	FRAME	main	1	✅ Play	4714-31722	Skai > Play > Casino > New games (1440 x 900px)	1
4714-32446	3sSzw1KewMtUbeLAv7uW0r	3sSzw1KewMtUbeLAv7uW0r	child	play	FRAME	row	5	✅ Play	4711-28434	Skai > Play > Casino (1440 x 900px)	1
4714-32559	3sSzw1KewMtUbeLAv7uW0r	3sSzw1KewMtUbeLAv7uW0r	child	play	FRAME	Main container	4	✅ Play	4711-28434	Skai > Play > Casino (1440 x 900px)	1
4714-32636	3sSzw1KewMtUbeLAv7uW0r	3sSzw1KewMtUbeLAv7uW0r	child	play	FRAME	Main container	4	✅ Play	4711-28434	Skai > Play > Casino (1440 x 900px)	1
4714-32974	3sSzw1KewMtUbeLAv7uW0r	3sSzw1KewMtUbeLAv7uW0r	child	play	FRAME	Frame 419	8	✅ Play	4711-28434	Skai > Play > Casino (1440 x 900px)	1
4758-62173	3sSzw1KewMtUbeLAv7uW0r	3sSzw1KewMtUbeLAv7uW0r	child	play	FRAME	Main container	1	✅ Play	4758-62172	Bets - My bets	1
4792-31204	3sSzw1KewMtUbeLAv7uW0r	3sSzw1KewMtUbeLAv7uW0r	child	play	FRAME	main	1	✅ Play	4792-31202	Skai > Play > Casino > Live RTP - return to player (1440 x 900px)	1
4799-61761	3sSzw1KewMtUbeLAv7uW0r	3sSzw1KewMtUbeLAv7uW0r	child	play	INSTANCE	CTA/button	5	✅ Play	4799-60925	Skai > Play > Sportsbook 1VH (1440 x 900px)	1
5194-270744	3sSzw1KewMtUbeLAv7uW0r	3sSzw1KewMtUbeLAv7uW0r	child	social	FRAME	main	1	✅ Social	5194-270743	Skai > Social > Groups - search 1VH (1440 x 900px)	1
5198-47083	3sSzw1KewMtUbeLAv7uW0r	3sSzw1KewMtUbeLAv7uW0r	child	social	FRAME	main	1	✅ Social	5198-47082	Skai > Social > Groups - search - empty 1VH (1440 x 900px)	1
5198-47892	3sSzw1KewMtUbeLAv7uW0r	3sSzw1KewMtUbeLAv7uW0r	child	social	FRAME	main	1	✅ Social	5198-47891	Skai > Social > Groups - search > Discover 1VH (1440 x 900px)	1
5198-50315	3sSzw1KewMtUbeLAv7uW0r	3sSzw1KewMtUbeLAv7uW0r	child	social	FRAME	main	1	✅ Social	5198-50314	Skai > Social > Groups - search > Created 1VH (1440 x 900px)	1
5198-51022	3sSzw1KewMtUbeLAv7uW0r	3sSzw1KewMtUbeLAv7uW0r	screen	social	FRAME	Skai > Social > Groups - search > Discover > Join gated group 1VH (1440 x 900px)	0	✅ Social	5198-51022	Skai > Social > Groups - search > Discover > Join gated group 1VH (1440 x 900px)	1
5198-63238	3sSzw1KewMtUbeLAv7uW0r	3sSzw1KewMtUbeLAv7uW0r	child	social	FRAME	Right menu	1	✅ Social	5198-62746	Skai > Social > Groups - search - empty > Create group 1VH (1440 x 900px)	1
5202-63934	3sSzw1KewMtUbeLAv7uW0r	3sSzw1KewMtUbeLAv7uW0r	child	social	FRAME	main	1	✅ Social	5202-63932	Skai > Social > Groups - search > Discover > View group (1440 x 900px)	1
5203-64552	3sSzw1KewMtUbeLAv7uW0r	3sSzw1KewMtUbeLAv7uW0r	child	social	FRAME	main	1	✅ Social	5203-64550	Skai > Social > Groups - search > Discover > View group (1440 x 900px)	1
5204-65394	3sSzw1KewMtUbeLAv7uW0r	3sSzw1KewMtUbeLAv7uW0r	child	social	FRAME	main	1	✅ Social	5204-65392	Skai > Social > Groups - search > Discover > View group (1440 x 900px)	1
5221-22665	3sSzw1KewMtUbeLAv7uW0r	3sSzw1KewMtUbeLAv7uW0r	child	social	FRAME	dropdown	1	✅ Social	4998-155882	Skai > Social > Live 1VH (1440 x 900px)	1
8583-127991	3sSzw1KewMtUbeLAv7uW0r	3sSzw1KewMtUbeLAv7uW0r	child	predict	FRAME	Frame 402	2	✅ Predict	8583-127820	Skai > Predict 1VH (1440 x 900px)	1
8610-164236	3sSzw1KewMtUbeLAv7uW0r	3sSzw1KewMtUbeLAv7uW0r	child	predict	FRAME	Prediction markets	2	✅ Predict	8610-163972	Skai > Predict (1440 x 900px)	1
8987-141552	3sSzw1KewMtUbeLAv7uW0r	3sSzw1KewMtUbeLAv7uW0r	child	play	FRAME	Scroll bar 3	1	✅ Play	4595-49807	Skai > Play 1VH (1440 x 900px)	1
9099-131647	3sSzw1KewMtUbeLAv7uW0r	3sSzw1KewMtUbeLAv7uW0r	screen	play	FRAME	dropdown-main	0	✅ Play	9099-131647	dropdown-main	1
9099-146677	3sSzw1KewMtUbeLAv7uW0r	3sSzw1KewMtUbeLAv7uW0r	child	play	FRAME	Frame 415	5	✅ Play	9099-146637	Skai > Play (1440 x 900px)	1
9099-146686	3sSzw1KewMtUbeLAv7uW0r	3sSzw1KewMtUbeLAv7uW0r	child	play	FRAME	card	4	✅ Play	9099-146637	Skai > Play (1440 x 900px)	1
9099-146736	3sSzw1KewMtUbeLAv7uW0r	3sSzw1KewMtUbeLAv7uW0r	child	play	FRAME	row	5	✅ Play	9099-146637	Skai > Play (1440 x 900px)	1
9099-146844	3sSzw1KewMtUbeLAv7uW0r	3sSzw1KewMtUbeLAv7uW0r	child	play	FRAME	row	5	✅ Play	9099-146637	Skai > Play (1440 x 900px)	1
9099-147023	3sSzw1KewMtUbeLAv7uW0r	3sSzw1KewMtUbeLAv7uW0r	child	play	FRAME	Main container	4	✅ Play	9099-146637	Skai > Play (1440 x 900px)	1
9099-147116	3sSzw1KewMtUbeLAv7uW0r	3sSzw1KewMtUbeLAv7uW0r	child	play	FRAME	table	5	✅ Play	9099-146637	Skai > Play (1440 x 900px)	1
9099-147317	3sSzw1KewMtUbeLAv7uW0r	3sSzw1KewMtUbeLAv7uW0r	child	play	FRAME	main	6	✅ Play	9099-146637	Skai > Play (1440 x 900px)	1
9112-13225	3sSzw1KewMtUbeLAv7uW0r	3sSzw1KewMtUbeLAv7uW0r	child	play	FRAME	Frame 632	3	✅ Play	4711-28434	Skai > Play > Casino (1440 x 900px)	1
9146-94962	3sSzw1KewMtUbeLAv7uW0r	3sSzw1KewMtUbeLAv7uW0r	child	play	FRAME	Frame 220	4	✅ Play	9146-94935	sidebar - open - sportsbook | scroll	1
10030-39088	M6r9FEn042UWTQD1zvy6GM	M6r9FEn042UWTQD1zvy6GM	child	price-grid	FRAME	main	1	✅ Price Grid - Skai originals	10030-39086	Skai > Play > Casino > Blackjack (1440 x 900px)	1
10030-39274	M6r9FEn042UWTQD1zvy6GM	M6r9FEn042UWTQD1zvy6GM	child	price-grid	FRAME	Cards ALT - Chicken	8	✅ Price Grid - Skai originals	10030-39086	Skai > Play > Casino > Blackjack (1440 x 900px)	1
10120-11828	M6r9FEn042UWTQD1zvy6GM	M6r9FEn042UWTQD1zvy6GM	child	towers	FRAME	Frame 1000004103	7	✅ Towers - Skai originals	9079-2001	Skai > Play > Casino > Towers (1440 x 900px)	1
10130-14013	M6r9FEn042UWTQD1zvy6GM	M6r9FEn042UWTQD1zvy6GM	screen	towers	FRAME	Frame 1000004105	0	✅ Towers - Skai originals	10130-14013	Frame 1000004105	1
9003-117919	M6r9FEn042UWTQD1zvy6GM	M6r9FEn042UWTQD1zvy6GM	child	blackjack	FRAME	Frame 644	7	✅ Blackjack - Skai originals	9003-117337	Skai > Play > Casino > Blackjack (1440 x 900px)	1
9003-130615	M6r9FEn042UWTQD1zvy6GM	M6r9FEn042UWTQD1zvy6GM	child	coinflip	FRAME	main	1	✅ Coinflip - Skai originals	9003-130613	Skai > Play > Casino > Coinflip (1440 x 900px)	1
9003-130806	M6r9FEn042UWTQD1zvy6GM	M6r9FEn042UWTQD1zvy6GM	child	coinflip	FRAME	Frame 1000003757	8	✅ Coinflip - Skai originals	9003-130613	Skai > Play > Casino > Coinflip (1440 x 900px)	1
9003-130820	M6r9FEn042UWTQD1zvy6GM	M6r9FEn042UWTQD1zvy6GM	child	coinflip	FRAME	Frame 675	7	✅ Coinflip - Skai originals	9003-130613	Skai > Play > Casino > Coinflip (1440 x 900px)	1
9003-130833	M6r9FEn042UWTQD1zvy6GM	M6r9FEn042UWTQD1zvy6GM	child	coinflip	FRAME	table	8	✅ Coinflip - Skai originals	9003-130613	Skai > Play > Casino > Coinflip (1440 x 900px)	1
9003-131212	M6r9FEn042UWTQD1zvy6GM	M6r9FEn042UWTQD1zvy6GM	child	coinflip	FRAME	sidebar	1	✅ Coinflip - Skai originals	9003-130613	Skai > Play > Casino > Coinflip (1440 x 900px)	1
9003-143076	M6r9FEn042UWTQD1zvy6GM	M6r9FEn042UWTQD1zvy6GM	child	skratch	FRAME	Frame 1000003757	8	✅ Scratchers - Skai originals	9003-142707	Skai > Play > Casino > Scratchers (1440 x 900px)	1
9003-143366	M6r9FEn042UWTQD1zvy6GM	M6r9FEn042UWTQD1zvy6GM	child	skratch	FRAME	main	6	✅ Scratchers - Skai originals	9003-142707	Skai > Play > Casino > Scratchers (1440 x 900px)	1
9003-94231	M6r9FEn042UWTQD1zvy6GM	M6r9FEn042UWTQD1zvy6GM	child	crash	FRAME	Frame 661	7	✅ Crash - Skai originals	9003-94116	Skai > Play > Casino > Crash (1440 x 900px)	1
9003-94826	M6r9FEn042UWTQD1zvy6GM	M6r9FEn042UWTQD1zvy6GM	child	crash	FRAME	Frame 675	7	✅ Crash - Skai originals	9003-94116	Skai > Play > Casino > Crash (1440 x 900px)	1
9003-94839	M6r9FEn042UWTQD1zvy6GM	M6r9FEn042UWTQD1zvy6GM	child	crash	FRAME	table	8	✅ Crash - Skai originals	9003-94116	Skai > Play > Casino > Crash (1440 x 900px)	1
9003-95218	M6r9FEn042UWTQD1zvy6GM	M6r9FEn042UWTQD1zvy6GM	child	crash	FRAME	sidebar	1	✅ Crash - Skai originals	9003-94116	Skai > Play > Casino > Crash (1440 x 900px)	1
9061-10557	M6r9FEn042UWTQD1zvy6GM	M6r9FEn042UWTQD1zvy6GM	child	hilo	FRAME	Frame 658	5	✅ Hi-Lo - Skai originals	9061-10499	Skai > Play > Casino > Hi-Lo Start (1440 x 900px)	1
9061-10749	M6r9FEn042UWTQD1zvy6GM	M6r9FEn042UWTQD1zvy6GM	child	hilo	FRAME	Frame 1000003757	8	✅ Hi-Lo - Skai originals	9061-10499	Skai > Play > Casino > Hi-Lo Start (1440 x 900px)	1
9061-10763	M6r9FEn042UWTQD1zvy6GM	M6r9FEn042UWTQD1zvy6GM	child	hilo	FRAME	Frame 675	7	✅ Hi-Lo - Skai originals	9061-10499	Skai > Play > Casino > Hi-Lo Start (1440 x 900px)	1
9079-2003	M6r9FEn042UWTQD1zvy6GM	M6r9FEn042UWTQD1zvy6GM	child	towers	FRAME	main	1	✅ Towers - Skai originals	9079-2001	Skai > Play > Casino > Towers (1440 x 900px)	1
9079-2121	M6r9FEn042UWTQD1zvy6GM	M6r9FEn042UWTQD1zvy6GM	child	towers	FRAME	Desktop Full Game	6	✅ Towers - Skai originals	9079-2001	Skai > Play > Casino > Towers (1440 x 900px)	1
9142-16871	M6r9FEn042UWTQD1zvy6GM	M6r9FEn042UWTQD1zvy6GM	child	crash	FRAME	Frame 662	1	✅ Crash - Skai originals	9142-16809	Auto	1
9142-19102	M6r9FEn042UWTQD1zvy6GM	M6r9FEn042UWTQD1zvy6GM	child	crash	FRAME	Frame 1000004088	1	✅ Crash - Skai originals	9142-16809	Auto	1
9142-19103	M6r9FEn042UWTQD1zvy6GM	M6r9FEn042UWTQD1zvy6GM	child	crash	FRAME	Frame 661	2	✅ Crash - Skai originals	9142-16809	Auto	1
9142-19118	M6r9FEn042UWTQD1zvy6GM	M6r9FEn042UWTQD1zvy6GM	child	crash	FRAME	Frame 662	2	✅ Crash - Skai originals	9142-16809	Auto	1
9142-19302	M6r9FEn042UWTQD1zvy6GM	M6r9FEn042UWTQD1zvy6GM	child	crash	FRAME	Frame 662	1	✅ Crash - Skai originals	9142-19197	Auto Advanced	1
9142-19349	M6r9FEn042UWTQD1zvy6GM	M6r9FEn042UWTQD1zvy6GM	child	crash	FRAME	Frame 1000004093	1	✅ Crash - Skai originals	9142-19197	Auto Advanced	1
9142-19365	M6r9FEn042UWTQD1zvy6GM	M6r9FEn042UWTQD1zvy6GM	child	crash	FRAME	Frame 1000004094	1	✅ Crash - Skai originals	9142-19197	Auto Advanced	1
9142-20031	M6r9FEn042UWTQD1zvy6GM	M6r9FEn042UWTQD1zvy6GM	child	crash	FRAME	Frame 1000004080	7	✅ Crash - Skai originals	9003-94116	Skai > Play > Casino > Crash (1440 x 900px)	1
9178-8934	M6r9FEn042UWTQD1zvy6GM	M6r9FEn042UWTQD1zvy6GM	child	crash	FRAME	Frame 1000003839	7	✅ Crash - Skai originals	9003-94116	Skai > Play > Casino > Crash (1440 x 900px)	1
9178-8970	M6r9FEn042UWTQD1zvy6GM	M6r9FEn042UWTQD1zvy6GM	child	crash	FRAME	Frame 1000003839	1	✅ Crash - Skai originals	9137-13564	Extended LB	1
9178-9006	M6r9FEn042UWTQD1zvy6GM	M6r9FEn042UWTQD1zvy6GM	child	crash	FRAME	Frame 1000003839	1	✅ Crash - Skai originals	9142-16809	Auto	1
9178-9042	M6r9FEn042UWTQD1zvy6GM	M6r9FEn042UWTQD1zvy6GM	child	crash	FRAME	Frame 1000003839	1	✅ Crash - Skai originals	9142-19197	Auto Advanced	1
9204-17140	M6r9FEn042UWTQD1zvy6GM	M6r9FEn042UWTQD1zvy6GM	child	coinflip	FRAME	Frame 1000004094	1	✅ Coinflip - Skai originals	9204-16958	Target Tab Auto	1
9204-17154	M6r9FEn042UWTQD1zvy6GM	M6r9FEn042UWTQD1zvy6GM	child	coinflip	FRAME	Frame 1000004095	1	✅ Coinflip - Skai originals	9204-16958	Target Tab Auto	1
9363-1967	M6r9FEn042UWTQD1zvy6GM	M6r9FEn042UWTQD1zvy6GM	child	chicken	FRAME	Frame 629	3	✅ Chicken - Skai originals	9363-1963	Skai > Play > Casino > Hi-Lo Start (1440 x 900px)	1
9363-2022	M6r9FEn042UWTQD1zvy6GM	M6r9FEn042UWTQD1zvy6GM	child	chicken	FRAME	Frame 1000004045	6	✅ Chicken - Skai originals	9363-1963	Skai > Play > Casino > Hi-Lo Start (1440 x 900px)	1
9363-2202	M6r9FEn042UWTQD1zvy6GM	M6r9FEn042UWTQD1zvy6GM	child	chicken	FRAME	section	5	✅ Chicken - Skai originals	9363-1963	Skai > Play > Casino > Hi-Lo Start (1440 x 900px)	1
9392-2826	M6r9FEn042UWTQD1zvy6GM	M6r9FEn042UWTQD1zvy6GM	child	darts	FRAME	Frame 1000003757	8	✅ Darts - Skai originals	9392-1798	Skai > Play > Casino > Hi-Lo Start (1440 x 900px)	1
9433-12189	M6r9FEn042UWTQD1zvy6GM	M6r9FEn042UWTQD1zvy6GM	child	keno	FRAME	main	1	✅ Keno - Skai originals	9433-12187	Skai > Play > Casino > Scratchers (1440 x 900px)	1
9442-16826	M6r9FEn042UWTQD1zvy6GM	M6r9FEn042UWTQD1zvy6GM	child	darts	FRAME	Frame 1000004105	7	✅ Darts - Skai originals	9392-1798	Skai > Play > Casino > Hi-Lo Start (1440 x 900px)	1
9691-11231	M6r9FEn042UWTQD1zvy6GM	M6r9FEn042UWTQD1zvy6GM	child	bingo	FRAME	main	1	✅ Bingo - Skai originals	9691-11229	Skai > Play > Casino > Scratchers (1440 x 900px)	1
9691-11283	M6r9FEn042UWTQD1zvy6GM	M6r9FEn042UWTQD1zvy6GM	child	bingo	FRAME	Frame 658	5	✅ Bingo - Skai originals	9691-11229	Skai > Play > Casino > Scratchers (1440 x 900px)	1
9733-5378	M6r9FEn042UWTQD1zvy6GM	M6r9FEn042UWTQD1zvy6GM	child	fortune-wheel	FRAME	Frame 1000004187	7	✅ Fortune Wheel - Skai originals	9691-12630	Skai > Play > Casino > Scratchers (1440 x 900px)	1
9733-6227	M6r9FEn042UWTQD1zvy6GM	M6r9FEn042UWTQD1zvy6GM	child	fortune-wheel	FRAME	Frame 1000004019	7	✅ Fortune Wheel - Skai originals	9691-12630	Skai > Play > Casino > Scratchers (1440 x 900px)	1
9733-6243	M6r9FEn042UWTQD1zvy6GM	M6r9FEn042UWTQD1zvy6GM	child	fortune-wheel	FRAME	Frame 464	8	✅ Fortune Wheel - Skai originals	9691-12630	Skai > Play > Casino > Scratchers (1440 x 900px)	1
9733-6254	M6r9FEn042UWTQD1zvy6GM	M6r9FEn042UWTQD1zvy6GM	child	fortune-wheel	FRAME	Frame 1000004096	15	✅ Fortune Wheel - Skai originals	9691-12630	Skai > Play > Casino > Scratchers (1440 x 900px)	1
9733-6266	M6r9FEn042UWTQD1zvy6GM	M6r9FEn042UWTQD1zvy6GM	child	fortune-wheel	FRAME	Frame 275	8	✅ Fortune Wheel - Skai originals	9691-12630	Skai > Play > Casino > Scratchers (1440 x 900px)	1
9733-7556	M6r9FEn042UWTQD1zvy6GM	M6r9FEn042UWTQD1zvy6GM	child	fortune-wheel	GROUP	Group 322	7	✅ Fortune Wheel - Skai originals	9691-12630	Skai > Play > Casino > Scratchers (1440 x 900px)	1
9736-11636	M6r9FEn042UWTQD1zvy6GM	M6r9FEn042UWTQD1zvy6GM	child	fortune-wheel	FRAME	Frame 1000004103	7	✅ Fortune Wheel - Skai originals	9691-12630	Skai > Play > Casino > Scratchers (1440 x 900px)	1
9738-13103	M6r9FEn042UWTQD1zvy6GM	M6r9FEn042UWTQD1zvy6GM	child	video-poker	FRAME	main	1	✅ Video Poker - Skai originals	9738-13101	Skai > Play > Casino > Scratchers (1440 x 900px)	1
9758-6653	M6r9FEn042UWTQD1zvy6GM	M6r9FEn042UWTQD1zvy6GM	child	video-poker	FRAME	Starting	6	✅ Video Poker - Skai originals	9738-13101	Skai > Play > Casino > Scratchers (1440 x 900px)	1
9758-6712	M6r9FEn042UWTQD1zvy6GM	M6r9FEn042UWTQD1zvy6GM	child	video-poker	FRAME	Frame 1000004211	7	✅ Video Poker - Skai originals	9738-13101	Skai > Play > Casino > Scratchers (1440 x 900px)	1
9799-15070	M6r9FEn042UWTQD1zvy6GM	M6r9FEn042UWTQD1zvy6GM	child	roulette	FRAME	Frame 520	2	✅ Roulette - Skai originals	9799-15067	Skai > Play > Casino > Scratchers (1440 x 900px)	1
9799-15071	M6r9FEn042UWTQD1zvy6GM	M6r9FEn042UWTQD1zvy6GM	child	roulette	FRAME	Frame 629	3	✅ Roulette - Skai originals	9799-15067	Skai > Play > Casino > Scratchers (1440 x 900px)	1
9799-15072	M6r9FEn042UWTQD1zvy6GM	M6r9FEn042UWTQD1zvy6GM	child	roulette	FRAME	Frame 450	4	✅ Roulette - Skai originals	9799-15067	Skai > Play > Casino > Scratchers (1440 x 900px)	1
9799-15326	M6r9FEn042UWTQD1zvy6GM	M6r9FEn042UWTQD1zvy6GM	child	roulette	FRAME	Frame 656	7	✅ Roulette - Skai originals	9799-15067	Skai > Play > Casino > Scratchers (1440 x 900px)	1
9903-2271	M6r9FEn042UWTQD1zvy6GM	M6r9FEn042UWTQD1zvy6GM	child	roulette	FRAME	Frame 1000004019	7	✅ Roulette - Skai originals	9799-15067	Skai > Play > Casino > Scratchers (1440 x 900px)	1
9903-2398	M6r9FEn042UWTQD1zvy6GM	M6r9FEn042UWTQD1zvy6GM	child	roulette	INSTANCE	CTA/button	7	✅ Roulette - Skai originals	9799-15067	Skai > Play > Casino > Scratchers (1440 x 900px)	1
9903-2995	M6r9FEn042UWTQD1zvy6GM	M6r9FEn042UWTQD1zvy6GM	child	roulette	FRAME	Frame 1000004096	9	✅ Roulette - Skai originals	9903-2891	Frame 270	1
9907-1598	M6r9FEn042UWTQD1zvy6GM	M6r9FEn042UWTQD1zvy6GM	child	rock-paper-scissors	FRAME	Frame 520	2	✅ Rock Paper Scissors - Skai originals	9907-1595	Skai > Play > Casino > Blackjack (1440 x 900px)	1
9907-1650	M6r9FEn042UWTQD1zvy6GM	M6r9FEn042UWTQD1zvy6GM	child	rock-paper-scissors	FRAME	Frame 445	6	✅ Rock Paper Scissors - Skai originals	9907-1595	Skai > Play > Casino > Blackjack (1440 x 900px)	1
9937-18892	M6r9FEn042UWTQD1zvy6GM	M6r9FEn042UWTQD1zvy6GM	child	rock-paper-scissors	FRAME	Desktop	6	✅ Rock Paper Scissors - Skai originals	9907-1595	Skai > Play > Casino > Blackjack (1440 x 900px)	1
9948-22957	M6r9FEn042UWTQD1zvy6GM	M6r9FEn042UWTQD1zvy6GM	child	roulette	FRAME	Frame 1000004221	1	✅ Roulette - Skai originals	9948-22956	Starting	1
9948-24695	M6r9FEn042UWTQD1zvy6GM	M6r9FEn042UWTQD1zvy6GM	child	limbo	FRAME	card	12	✅ Limbo - Skai originals	9948-24618	Skai > Play > Casino > Blackjack (1440 x 900px)	1
9948-24715	M6r9FEn042UWTQD1zvy6GM	M6r9FEn042UWTQD1zvy6GM	child	limbo	FRAME	Frame 275	10	✅ Limbo - Skai originals	9948-24618	Skai > Play > Casino > Blackjack (1440 x 900px)	1
9948-24749	M6r9FEn042UWTQD1zvy6GM	M6r9FEn042UWTQD1zvy6GM	child	limbo	FRAME	Frame 464	9	✅ Limbo - Skai originals	9948-24618	Skai > Play > Casino > Blackjack (1440 x 900px)	1
9948-24907	M6r9FEn042UWTQD1zvy6GM	M6r9FEn042UWTQD1zvy6GM	child	limbo	FRAME	section	5	✅ Limbo - Skai originals	9948-24618	Skai > Play > Casino > Blackjack (1440 x 900px)	1
13006-210653	mhF3BkzlTaGiLzJ7kvpmVc	mhF3BkzlTaGiLzJ7kvpmVc	child	trade-2	FRAME	Frame 502	4	✅ Trade 2	13006-210576	Skai > Trench > Trade 1VH (1440 x 900px)	1
13006-212080	mhF3BkzlTaGiLzJ7kvpmVc	mhF3BkzlTaGiLzJ7kvpmVc	child	trade-2	FRAME	Frame 1158	6	✅ Trade 2	13006-210576	Skai > Trench > Trade 1VH (1440 x 900px)	1
13006-212306	mhF3BkzlTaGiLzJ7kvpmVc	mhF3BkzlTaGiLzJ7kvpmVc	child	trade-2	FRAME	Frame 1134	6	✅ Trade 2	13006-210576	Skai > Trench > Trade 1VH (1440 x 900px)	1
13008-110776	mhF3BkzlTaGiLzJ7kvpmVc	mhF3BkzlTaGiLzJ7kvpmVc	child	home-2	FRAME	Frame 429	4	✅ Home 2	13008-110742	Skai > Home > Whales - no data 1VH (1440 x 900px)	1
13008-110893	mhF3BkzlTaGiLzJ7kvpmVc	mhF3BkzlTaGiLzJ7kvpmVc	child	home-2	FRAME	Frame 320	3	✅ Home 2	13008-110870	Skai > Home > Whales 1VH (1440 x 900px)	1
13008-27703	mhF3BkzlTaGiLzJ7kvpmVc	mhF3BkzlTaGiLzJ7kvpmVc	child	wallet-2	FRAME	Main container	1	✅ Wallet 2	13008-27689	Skai > Wallet > continue on web > home > account 1VH (1440 x 900px)	1
13008-28163	mhF3BkzlTaGiLzJ7kvpmVc	mhF3BkzlTaGiLzJ7kvpmVc	child	wallet-2	FRAME	Frame 337	1	✅ Wallet 2	13008-27989	Skai > Wallet > continue on web > home > notifications 1VH (1440 x 900px)	1
13008-28390	mhF3BkzlTaGiLzJ7kvpmVc	mhF3BkzlTaGiLzJ7kvpmVc	child	wallet-2	FRAME	Frame 337	1	✅ Wallet 2	13008-28216	Skai > Wallet > continue on web > home > notifications - settings 1VH (1440 x 900px)	1
13008-29240	mhF3BkzlTaGiLzJ7kvpmVc	mhF3BkzlTaGiLzJ7kvpmVc	child	wallet-2	FRAME	Main container	1	✅ Wallet 2	13008-29226	Skai > Wallet > continue on web > home > bridge > Start bridge 1VH (1440 x 900px)	1
13008-29463	mhF3BkzlTaGiLzJ7kvpmVc	mhF3BkzlTaGiLzJ7kvpmVc	child	wallet-2	FRAME	modal	2	✅ Wallet 2	13008-29347	Skai > Wallet > continue on web > home > bridge > Start bridge > Post wallet interaction 1VH (1440 x 900px)	1
13008-36691	mhF3BkzlTaGiLzJ7kvpmVc	mhF3BkzlTaGiLzJ7kvpmVc	child	wallet-2	FRAME	Main container	1	✅ Wallet 2	13008-36677	Skai > Wallet > continue on web > home > batch - step 1 1VH (1440 x 900px)	1
13008-37238	mhF3BkzlTaGiLzJ7kvpmVc	mhF3BkzlTaGiLzJ7kvpmVc	child	wallet-2	FRAME	modal	2	✅ Wallet 2	13008-37111	Skai > Wallet > continue on web > home > batch - step 2b > input amount 1VH (1440 x 900px)	1
13008-37444	mhF3BkzlTaGiLzJ7kvpmVc	mhF3BkzlTaGiLzJ7kvpmVc	child	wallet-2	FRAME	Main container	1	✅ Wallet 2	13008-37430	Skai > Wallet > continue on web > home > request from user - step 1 1VH (1440 x 900px)	1
2733-18701	mhF3BkzlTaGiLzJ7kvpmVc	mhF3BkzlTaGiLzJ7kvpmVc	child	home	FRAME	main	1	✅ Home 1	2733-18700	Skai > Home > conversation 2 extended 1VH (1440 x 900px)	1
2733-19240	mhF3BkzlTaGiLzJ7kvpmVc	mhF3BkzlTaGiLzJ7kvpmVc	child	home	FRAME	Follow ups	3	✅ Home 1	2733-18700	Skai > Home > conversation 2 extended 1VH (1440 x 900px)	1
4191-122525	mhF3BkzlTaGiLzJ7kvpmVc	mhF3BkzlTaGiLzJ7kvpmVc	child	trade	FRAME	Frame 444	2	✅ Trade 1	4191-121191	Skai > Trade > Perpetual futures > Order history (1440 x 900px)	1
4201-130024	mhF3BkzlTaGiLzJ7kvpmVc	mhF3BkzlTaGiLzJ7kvpmVc	child	trade	FRAME	section	3	✅ Trade 1	4201-128723	Skai > Trade > Perpetual futures > Funding history (1440 x 900px)	1
4201-130583	mhF3BkzlTaGiLzJ7kvpmVc	mhF3BkzlTaGiLzJ7kvpmVc	child	trade	FRAME	Frame 446	2	✅ Trade 1	4191-123643	Skai > Trade > Perpetual futures > Trade history (1440 x 900px)	1
4437-112705	mhF3BkzlTaGiLzJ7kvpmVc	mhF3BkzlTaGiLzJ7kvpmVc	child	trade	FRAME	section	2	✅ Trade 1	4437-112650	Skai > Dashboard - positive 1VH (1440 x 900px)	1
4437-112715	mhF3BkzlTaGiLzJ7kvpmVc	mhF3BkzlTaGiLzJ7kvpmVc	child	trade	FRAME	Frame 620	4	✅ Trade 1	4437-112650	Skai > Dashboard - positive 1VH (1440 x 900px)	1
5810-111091	mhF3BkzlTaGiLzJ7kvpmVc	mhF3BkzlTaGiLzJ7kvpmVc	child	home	FRAME	Frame 221	2	✅ Home 1	5810-111037	sidebar - open home | scroll	1
5810-111234	mhF3BkzlTaGiLzJ7kvpmVc	mhF3BkzlTaGiLzJ7kvpmVc	child	home	FRAME	Top main	1	✅ Home 1	5810-111233	sidebar - open - intelligent support	1
5812-111832	mhF3BkzlTaGiLzJ7kvpmVc	mhF3BkzlTaGiLzJ7kvpmVc	child	home	FRAME	sidebar - open - agentic support	1	✅ Home 1	2713-4884	Skai > Home - sidebar 1VH (1440 x 900px)	1
7491-149452	mhF3BkzlTaGiLzJ7kvpmVc	mhF3BkzlTaGiLzJ7kvpmVc	child	wallet	INSTANCE	logos/skai-short	4	✅ Wallet 1	7491-148345	Skai > Wallet > continue on web > home - skin 2 > Share net worth 1VH (1440 x 900px)	1
7491-149454	mhF3BkzlTaGiLzJ7kvpmVc	mhF3BkzlTaGiLzJ7kvpmVc	child	wallet	INSTANCE	icons/action	4	✅ Wallet 1	7491-148345	Skai > Wallet > continue on web > home - skin 2 > Share net worth 1VH (1440 x 900px)	1
7752-224517	mhF3BkzlTaGiLzJ7kvpmVc	mhF3BkzlTaGiLzJ7kvpmVc	child	trade	FRAME	sidebar	1	✅ Trade 1	4451-126554	Skai > Dashboard > Whale activity 1VH (1440 x 900px)	1
7890-132958	mhF3BkzlTaGiLzJ7kvpmVc	mhF3BkzlTaGiLzJ7kvpmVc	child	trade	FRAME	TradingView	3	✅ Trade 1	4020-47586	Skai > Trade > Perpetual futures > Orders (1440 x 900px)	1
