9061-15465	Directory
9061-15471	Breakpoint
9061-15473	Rectangle 147
9061-15474	Breakpoint
9061-15476	Breakpoint
9363-1963	Skai > Play > Casino > Hi-Lo Start (1440 x 900px)
9363-2936	Skai > Play > Casino > Blackjack (375 x 812px)
9429-2661	Mobile ALT
9363-4571	Frame 1000004045
9364-3821	taxi car 1
9364-3823	sports car 1
9368-3825	hotdog 1
9368-3826	minivan 1
9368-3827	police car 1
9368-3828	truck 1
9368-3829	boxtruck 1
9368-3833	chicken character 1
9368-3835	Frame 1000004096
9380-7138	Road Block
9380-7158	Group 315
9429-2075	Hard Desktop
9380-10169	flat chick 1
9380-10283	Frame 1000003779
9380-10404	Frame 1000004097
9428-6660	Medium Desktop
9428-8535	Medium Desktop - In Play Feature Showcase
9431-3268	Easy Desktop
9432-5358	Medium Desktop - In Play
9432-8016	Easy Desktop
9432-8667	Medium Desktop
9432-9285	Hard Desktop
