9392-1784	Directory
9392-1790	Breakpoint
9392-1792	Rectangle 147
9392-1793	Breakpoint
9392-1795	Breakpoint
9392-1798	Skai > Play > Casino > Hi-Lo Start (1440 x 900px)
9393-1042	Frame 1000004045
9411-7933	Easy Desktop Full Game
9411-7955	Medium Desktop Full Game
9411-7977	Hard Desktop Full Game
9433-10159	Ellipse 92
9433-10160	Ellipse 93
9433-10161	Ellipse 94
9433-10162	Ellipse 95
9433-10163	Ellipse 96
9433-10164	Ellipse 97
9433-10165	Ellipse 98
9433-10218	Group 1
9433-16420	Easy Desktop - In Play
9442-16948	Frame 1000004046
9442-17107	Frame 1000004096
9442-17258	Skai > Play > Casino > Blackjack (375 x 812px)
9455-18169	Frame 1000004124
9455-19001	Mobile Medium
9467-19582	Mobile Hard
9455-19108	Frame 1000003779
9455-19263	Frame 1000004125
9467-19674	Frame 1000004126
9475-19822	Frame 1000004126 1
9475-19850	Group 5
9433-10192	Group 1 1
