2713-3937	Directory
2713-3943	Breakpoint
2736-25840	Skai > Home > Add > upload image > conversation 4 1VH (1440 x 900px)
2738-28626	Rectangle 147
6330-54594	Breakpoint
6330-54596	Breakpoint
9003-43516	Skai > Play > Casino > Dice (1440 x 900px)
9003-44223	Skai > Play > Casino > Dice Tablet (768 x 1024px)
9003-44542	Skai > Play > Casino > Dice Tablet Alt (768 x 1024px)
9003-44847	Skai > Play > Casino > Dice Mobile (375 x 812px)
9062-16874	icons/action
9062-16886	Auto Advanced Extended
9062-17693	Auto
9069-1068	Auto No Infinity
9065-1579	Auto Advanced Displayed
9069-859	Desktop Full Game
9069-1343	Desktop Full Game Adjusted Slider
9069-1458	Desktop Full Game Roll Over
9069-2257	Desktop Full Game Win Chance
9069-2378	Desktop Full Game Multiplier
9069-1141	Desktop First Roll
9069-959	Desktop Pre Game
9069-8353	Frame 1000003769
9079-6558	Frame 1000004020
9079-6072	Frame 270
9079-6413	Frame 1000004019
9088-1354	Frame 1000003779
9088-1630	Frame 1000004021
9088-4654	Auto Advanced Displayed
9088-4795	CTA/button
9088-4801	CTA/button
9100-5928	card
9175-9500	card
9175-9528	card
