5220-10989	Directory
5243-74950	Directory
5315-100458	Directory
5315-100462	Directory
5480-32379	Directory
5481-53867	Directory
5515-95451	Directory
5220-10992	Breakpoint
5370-62681	Breakpoint
5393-86873	Breakpoint
5539-101487	Breakpoint
5480-33407	Breakpoint
5481-53870	Breakpoint
5518-99458	Breakpoint
5220-10994	Rectangle 155
5243-74953	Rectangle 156
5480-23182	Rectangle 159
5315-100465	Rectangle 158
5481-53872	Rectangle 161
5515-95454	Rectangle 162
5480-32382	Rectangle 160
5220-10996	Skai > Earn 1VH (1440 x 900px)
5370-61920	Skai > Governance 1VH (1440 x 900px)
5393-86875	Skai > Learn > Courses 1VH (1440 x 900px)
5480-32393	Skai > Airdrop 1VH (1440 x 900px)
5539-93683	Skai > Explorer 1VH (1440 x 900px)
11345-144081	Skai > Explorer - customise 1VH (1440 x 900px)
5586-110620	🚧 Skai > Explorer > Address 1VH (1440 x 900px)
5638-112382	Skai > Explorer > Address 1VH (1440 x 900px)
11349-147772	Transactions - with arrow
5660-114498	Skai > Explorer > Address > Holdings 1VH (1440 x 900px)
5662-124997	Skai > Explorer > Address > Staking 1VH (1440 x 900px)
5664-127101	Skai > Explorer > Address > Lending 1VH (1440 x 900px)
5661-118252	Skai > Explorer > Address > Perps 1VH (1440 x 900px)
5662-120139	Skai > Explorer > Address > Orders 1VH (1440 x 900px)
5662-124365	Vault - with data
5662-122540	Skai > Explorer > Address > Orders 1VH (1440 x 900px)
5664-127738	Skai > Explorer > Address > Others 1VH (1440 x 900px)
5669-128901	Skai > Explorer > Analytics 1VH (1440 x 900px)
5675-131659	Skai > Explorer > Tokens 1VH (1440 x 900px)
5694-140556	Skai > Explorer > Tokens 1VH (1440 x 900px)
5695-142802	Skai > Explorer > AI 1VH (1440 x 900px)
5702-143785	Skai > Explorer > Launchpad 1VH (1440 x 900px)
11349-148815	Active Projects - with data
5702-144185	Skai > Explorer > Gaming 1VH (1440 x 900px)
5707-145880	Skai > Explorer > Governance 1VH (1440 x 900px)
5711-148542	Skai > Explorer > Points 1VH (1440 x 900px)
5720-152742	Skai > Explorer > Addresses 1VH (1440 x 900px)
5711-150322	Skai > Explorer > DeFi 1VH (1440 x 900px)
5711-147902	Skai > Explorer > Lending 1VH (1440 x 900px)
5707-146891	Skai > Explorer > Social 1VH (1440 x 900px)
5702-143761	Notes
5689-136816	Skai > Explorer > Blocks 1VH (1440 x 900px)
5689-136235	Skai > Explorer > Transactions 1VH (1440 x 900px)
5691-138387	Skai > Explorer > Gas tracker 1VH (1440 x 900px)
5698-143443	Simple Chart line - no data
5660-116662	Holdings - NFTs
5539-100875	Skai > Explorer (1440 x 900px)
11345-145018	With success/failure
5570-102478	Skai > Explorer > Dashboard - transactions (1440 x 900px)
11345-146431	Truncated ALT - NOT recommended
5492-53877	Skai > Yield vaults 1VH (1440 x 900px)
11364-149679	Skai > Yield vaults 1VH (1440 x 900px)
11259-40720	Skai YV - deposited
5515-92313	Skai > Yield vaults > Sample vault item 1VH (1440 x 900px)
5515-95455	Skai > Gauge voting - empty 1VH (1440 x 900px)
5515-96095	Skai > Gauge voting 1VH (1440 x 900px)
5515-98548	Notes
5515-93883	Skai > Yield vaults > Sample vault item (1440 x 900px)
11259-44415	Withdraw from vault
5481-50934	Skai > Airdrop - not eligible 1VH (1440 x 900px)
11206-98479	Skai > Airdrop - not eligible > wallets 1VH (1440 x 900px)
5481-49179	Skai > Airdrop (1440 x 900px)
5531-76408	Skai > Leaderboard (1440 x 900px)
5531-77640	Skai > Rewards (1440 x 900px)
5534-92868	Skai > Rewards > My referrals (1440 x 900px)
11303-133324	Skai > Rewards > My referrals - empty (1440 x 900px)
5411-117451	Skai > Learn > Skai university 1VH (1440 x 900px)
5443-69711	Skai > Learn > Skai university > Purchase modal 1VH (1440 x 900px)
5442-40192	Courses - buy
5442-39147	Skai > Learn > Skai university - about (1440 x 900px)
5443-69253	Skai > Learn > Skai university > Sample course > Purchased (1440 x 900px)
5446-86451	Skai > Learn > Skai university > Sample course > Purchased (1440 x 900px)
5467-91593	Skai > Learn > Getting started with crypto (1440 x 900px)
5460-87941	Skai > Learn > Skai university > Create course (1440 x 900px)
11343-142862	Skai > Learn > Skai university > Create course - Step 2 (1440 x 900px)
11343-142585	Corser details - with video
5480-20528	Skai > Learn > Articles > Create article - empty (1440 x 900px)
5480-21556	Skai > Learn > Articles > Create article (1440 x 900px)
5480-21885	Skai > Learn > Articles > Create article (1440 x 900px)
5446-83004	Skai > Learn > Skai university > Sample course > Purchased > Sample video (1440 x 900px)
5446-85963	Skai > Learn > Skai university > Sample course > Purchased > Sample video - show transcript (1440 x 900px)
5460-87886	Videoframe - playing
11342-142483	Videoframe - before playing
5446-82429	Course progress - completed
5442-42904	Skai > Learn > Skai university > Sample course (1440 x 900px)
5468-92781	Skai > Learn > Articles (1440 x 900px)
5442-48059	Course details - on:hover
5410-112561	Skai > Learn (1440 x 900px)
5371-63275	Skai > Governance > Proposals 1VH (1440 x 900px)
11307-134317	Skai > Governance > Proposals ALT 1VH (1440 x 900px)
5373-68430	Skai > Governance > Proposals > New proposal ALT 1VH (1440 x 900px)
11309-136820	Right menu
11309-136155	Governance settings
5383-73349	Skai > Governance > Proposals > Delegation 1VH (1440 x 900px)
5387-76925	Skai > Governance > Proposals > Financials 1VH (1440 x 900px)
5387-77602	Skai > Governance > Proposals > Financials 1VH (1440 x 900px)
5389-78508	Skai > Governance > Proposals > About 1VH (1440 x 900px)
5390-80080	Skai > Governance > Proposals > Sample proposal - view 1VH (1440 x 900px)
11307-135124	Skai > Governance > Proposals > Sample proposal - view - not created by 1VH (1440 x 900px)
5392-82380	Notes
5392-82015	Skai > Governance > Proposals > Sample proposal - view (1440 x 900px)
5477-97603	Skai > Learn > Articles > Sample article (1440 x 900px)
5385-74400	Skai > Governance > Proposals > Delegation 1VH (1440 x 900px)
5385-75416	Skai > Governance > Proposals > Delegation > Delegate modal 1VH (1440 x 900px)
5376-71276	Skai > Governance > Proposals > Staking 1VH (1440 x 900px)
5383-72757	Skai > Governance > Proposals > Staking 1VH (1440 x 900px)
11314-138830	Vault actions - deposit and unclaimed
5376-70869	Right menu - open
5376-71252	DAO boost - met
5371-64317	Skai > Governance > Proposals (1440 x 900px)
5243-69438	Skai > Earn (1440 x 900px)
10517-38187	Skai > Earn - with pagination (1440 x 900px)
5243-73398	Skai > Earn - Liquidity only (1440 x 900px)
10838-362076	Skai > Earn - Liquidity only - liquidity added (1440 x 900px)
11405-100106	Skai > Earn > Sample opportunity - save (1440 x 900px)
11405-103640	Skai > Earn > Sample opportunity - save > Save (1440 x 900px)
11405-105088	Skai > Earn > Sample opportunity - save > Save > Confirm save (1440 x 900px)
11405-100880	Skai > Earn > Sample opportunity - Lend (1440 x 900px)
11405-101828	Skai > Earn > Sample opportunity - Lend > Lend (1440 x 900px)
11405-102823	Skai > Earn > Sample opportunity - Lend > Lend > Confirm lend (1440 x 900px)
5259-80297	Skai > Earn > Vaults (1440 x 900px)
11151-80952	House vault - if low
5248-76804	Skai > Earn > My positions (1440 x 900px)
10841-138986	Skai > Earn > Sample opportunity - liquidity (1440 x 900px)
11135-77182	Skai > Earn > My positions > Update position (1440 x 900px)
10852-361479	Skai > Earn > Sample opportunity - liquidity > Add liquidity (1440 x 900px)
11022-18418	Add liquidity - no value
5280-87638	Skai > Earn > Faucet (1440 x 900px)
11193-90739	Skai > Earn > Faucet (1440 x 900px)
11161-82180	With winners
11156-82051	Lottery - rolls finished
5315-92101	Skai > Earn > Faucet > Tickets (1440 x 900px)
5370-46761	Skai > Earn > Faucet > Winners (1440 x 900px)
11198-97038	Winners - with date position shifted
5370-47867	Skai > Earn > Faucet > Earn more (1440 x 900px)
5370-59619	Skai > Earn > Referral (1440 x 900px)
5370-46501	Tickets - empty
5313-92097	Blackjack cards
5291-89531	Lottery other values
5280-82910	Skai > Earn > Vault > Trading vault (1440 x 900px)
11151-79923	Lock - with percentage
11151-18953	Skai > Earn > Vault > Trading vault ALT (1440 x 900px)
5280-86949	Skai > Earn > Vault > House vault (1440 x 900px)
11151-80178	Skai > Earn > Vault > House vault ALT (1440 x 900px)
5280-87614	Notes
5278-80860	Skai > Earn > My positions - empty (1440 x 900px)
5243-74665	Skai > Earn > Stake (1440 x 900px)
5243-76144	Skai > Earn > Stake > confirm stake (1440 x 900px)
11128-107161	Skai > Earn > Sample opportunity - liquidity > Add liquidity > Confirm liquidity add (1440 x 900px)
10517-39043	Stake summary with fees
5258-78625	Skai > Earn > My positions > View details (1440 x 900px)
11134-109360	Skai > Earn > My positions - on:hover (1440 x 900px)
5243-75704	Swap - no value
5243-76681	Notes
5248-76723	Notes
5248-76747	dropdown-1
5248-76770	dropdown-2
10841-118147	dropdown-activity
11304-134283	dropdown-proposals
11306-134305	dropdown-proposals
11307-135045	dropdown-proposals
11193-91907	dropdown-pool and treasury
11198-97230	dropdown-winners
11198-97007	dropdown-tickets
5370-46716	Notes
5376-71202	Notes
11364-165058	sidebar - open earn
11364-165916	sidebar - open governance
11370-169091	sidebar - open learn
11370-182316	sidebar - open explorer
5376-71154	Notes
5443-67708	Notes
5446-86403	Notes
5446-86427	Notes
5480-20504	Notes
5443-69665	Notes
5480-21838	Notes
5480-22549	Skai > Learn > Skai university > Articles 1VH (1440 x 900px)
5518-101256	Skai > Account 1VH (1440 x 900px)
5518-103036	Created tokens
5518-102983	Overview - play
5525-11686	Overview - play -hidden
5518-100072	Skai > Account (1440 x 900px)
5523-103993	Skai > Account > Performance overview (1440 x 900px)
5526-47972	Skai > Account > Account settings (1440 x 900px)
11267-125024	input/primary-inputs - with warning
5529-72564	Skai > Account > Account settings (1440 x 900px)
5529-73867	Skai > Account > Account settings > Private key (1440 x 900px)
5529-76029	Skai > Account > Account settings > Private key - step 2 (1440 x 900px)
5529-49244	Skai > Account > Account settings > Security (1440 x 900px)
11267-125066	input/primary-inputs - on:hover
5529-73119	Skai > Account > Account settings > Preferences (1440 x 900px)
5529-76362	Notes
5662-123391	Notes
5711-148470	Notes
10335-237326	Rectangle 163
11198-97290	Rectangle 164
11303-134282	Rectangle 167
11314-139175	Rectangle 168
11344-144022	Rectangle 169
11212-20127	Rectangle 165
11260-123576	Rectangle 166
10517-38160	dropdown-multiselect
11128-109012	Notes
11405-103319	Notes
11193-91860	Notes
11198-91923	Skai > Earn > Faucet > Winners > Share outcome (1440 x 900px)
11212-20103	dropdown-multiselect
11212-20117	dropdown-Snapshot list
11259-40697	dropdown-yield vaults
11260-123586	dropdown-account
11266-123769	dropdown-account overview 2
11260-123547	dropdown-yield vaults
11260-123562	dropdown-multiselect
11266-123753	dropdown-account overview 1
11302-129670	dropdown-tiers
11303-133248	dropdown-tiers
11303-134267	dropdown-period
11267-123785	Skai > Account > Performance overview > Share networth (1440 x 900px)
11271-125083	Skai > Account > Account settings > Security > 2FA > Auth app (1440 x 900px)
11301-127843	Skai > Account > Account settings > Security > 2FA > SMS (1440 x 900px)
11302-128586	Skai > Account > Account settings > Security > Delete account (1440 x 900px)
11302-129536	Notes
11302-129701	dropdown-multiselect
11303-133263	dropdown-multiselect
11302-129708	Skai > Leaderboard > Share portfolio 1VH (1440 x 900px)
11307-135079	dropdown-multiselect
11307-135103	dropdown-multiselect
11314-138124	dropdown-multiselect
11309-136994	Skai > Governance > Proposals > New proposal 1VH (1440 x 900px)
11314-138082	DAO boost - met
11314-138141	dropdown-staking
11314-139095	dropdown-delegates
11314-139110	dropdown-delegate type
11314-139153	dropdown-delegate type
11314-138452	Claimed - not 100% represented
11314-138456	Claimed - not 100% represented - claimed
11314-139131	dropdown-multiselect
11322-142230	dropdown-courses
11344-143602	dropdown-multiselect
11345-144023	dropdown-main
11345-146380	dropdown-Active TWAPs
11345-146410	dropdown-multiselect
11349-148487	Additional information
11349-148646	dropdown-multiselect
11349-148686	dropdown-addresses
11349-148702	dropdown-Chart
11370-187312	sidebar - open airdrop
11370-188203	sidebar - open yield vaults
