3436-53422	Home > Moat
3436-53761	Home (moat) > Portfolio
3436-55561	Home (moat) > Pro
3423-22712	Directory
3423-22719	Onboarding
3423-24816	Authentication
3423-28983	Privacy
3423-42332	A/B Waitlist
3436-49028	Home
3436-57360	Wallet
3436-59020	Predict
3436-61545	Trade
3436-64278	Play
3436-64311	Social
3439-64344	Learn
3931-91888	Utils
3931-91899	Utils > Explorer
3931-91910	Utils > Leaderboard
3931-91921	Utils > Referrals
3436-64333	Social > Live
3931-91877	Social > Encrypted messenger
5208-116843	Social > Groups
3436-64322	Social > Chat > Conversation/Contacts
5393-95947	More > Earn
5393-98525	More > Governance
3436-64289	Play > Casino
3436-64300	Play > Sports book
4825-69868	Play > Bet
3439-64355	Play > In game designs with Casey
3436-64234	Trade > perpetual futures
3436-64245	Trade > Spot trading
3436-64256	Trade > Trench
3436-64267	Trade > Launch
3436-62783	Trade > Swap - same as wallet swap
3436-60310	Predict > Utilities
3436-57533	Wallet > Actions
3436-57903	Wallet > Quick Actions
3436-58450	Wallet > Utilities
3436-54524	Home (moat) > Whales
3436-56942	Home (moat) > Advanced Tools
3423-33157	Terms
3436-51160	Group 2
3439-64366	Timeline
3440-64369	Timeline
3440-64373	Timeline
3440-64371	Timeline
