9220-26176	Dice Desktop
9220-26181	Dice Mobile
9220-26187	Breakpoint
9220-26189	Breakpoint
9222-26192	Plinko Desktop
9222-26197	Plinko Mobile
9222-26203	Crash Desktop
9222-26208	Crash Mobile
9222-26214	Mines Desktop
9222-26312	Mines Mobile
9222-26323	Blackjack Desktop
9222-26328	Blackjack Mobile
9222-26334	Coinflip Desktop
9222-26339	Coinflip Mobile
9222-26345	Scratchers Desktop
9222-26350	Scratchers Mobile
9351-3407	Cards ALT - Chicken
9351-3413	Cards ALT - Chicken
9393-514	Cards ALT - Chicken
9393-519	Cards ALT - Chicken
9479-19858	Cards ALT - Chicken
9479-19863	Cards ALT - Chicken
9737-11662	Cards ALT - Chicken
9737-11667	Cards ALT - Chicken
