9907-1583	Directory
9907-1589	Breakpoint
9907-1591	Breakpoint
9907-1593	Breakpoint
9907-1595	Skai > Play > Casino > Blackjack (1440 x 900px)
9907-2356	Skai > Play > Casino > Blackjack (375 x 812px)
9907-10355	Desktop
9929-16698	Desktop
9929-16830	Desktop
9935-17641	Desktop
9935-17766	Desktop
9935-17987	Desktop
9935-18096	Desktop
9937-18748	Desktop
9937-19871	Rock icon 1
9937-19990	Frame 1000004104
9937-21778	Desktop Target
9937-22037	Desktop Target
9937-22205	Paper icon 1
9941-22220	Scissors icon 1
9941-22458	Frame 1000004283
9941-22637	Frame 1000004289
9948-24339	Frame 1000004291
9948-24437	Frame 1000004292
9737-11673	Directory
9737-11679	Breakpoint
9737-11681	Breakpoint
9737-11683	Breakpoint
9737-11685	Skai > Play > Casino > Scratchers (1440 x 900px)
9737-12395	Skai > Play > Casino > Blackjack (375 x 812px)
