9003-139146	Card out
9003-140212	Directory
9003-140218	Breakpoint
9003-140220	Rectangle 147
9003-140221	Breakpoint
9003-140223	Breakpoint
9003-142707	Skai > Play > Casino > Scratchers (1440 x 900px)
9003-148466	Skai > Play > Casino > Scratchers (768 x 1024px)
9003-149392	Skai > Play > Casino > Scratchers (768 x 1024px)
9212-20910	Desktop
9212-22275	Card out
9212-23847	Skai > Play > Casino > Blackjack (375 x 812px)
9212-24729	Frame 1000003780
9212-24822	Frame 1000003781
9212-24967	Mobile
9621-1282	Mobile ALT
9220-26113	Frame 1000004102
9220-26119	modal
9220-26173	Screenshot 2026-07-27 at 8.19.39 PM 1
9220-26174	Screenshot 2026-07-27 at 8.20.03 PM 1
10221-7338	Desktop
