13006:260059	partial	src/components/trench-redesign/trade/TradeTerminal.tsx	/crypto/:symbol	Trench terminal 768. MEASURED frame 768x1024, 1562 nodes / 287 texts, ramp 10x195 12x61 14x21 8x9. Stats strip labels 12 / values 14 / price 16 == TradeStatsStrip skai-para-3(12) + skai-label-1(14) + text-[16px] - MATCH at 768. Panel tab row 12 == PanelTabs text-xs/[16px] - MATCH at 768. Downgraded because the panels this shell hosts diverge; see the per-panel rows.
13006:263046	partial	src/components/trench-redesign/trade/InstantTradeSettingsModal.tsx	/crypto/:symbol	Instant-trade settings 768. Frame MEASURED 1448 nodes / 136 texts, ramp 12x86 14x42 10x6, radii 8x19 16x10 4x8 12x8. Code-side geometry NOT compared to those numbers this pass - the prior done rested on the modal existing.
13006:264486	partial	src/components/trench-redesign/trade/ChartSentimentBar.tsx	/crypto/:symbol	AI Bearish 768. MEASURED: fingerprint identical to the Bullish twin 13006:265891 on node count (1402), text count (128), type ramp, radius set, padding set and gap set - the only delta is the #17f9b4/#ff574a fill split, which confirms the sentiment pill is the whole difference. Code-side geometry of ChartSentimentBar NOT measured.
13006:265891	partial	src/components/trench-redesign/trade/ChartSentimentBar.tsx	/crypto/:symbol	AI Bullish 768. Same measurement as 13006:264486 (1402 nodes / 128 texts, identical ramp and radii). Code-side NOT measured.
13006:267296	partial	src/components/trench-redesign/trade/OrderPanel.tsx	/crypto/:symbol	Chart - Instant - buy 768. MEASURED ticket text: 'Instant trade' 12, 'Market' 12 at x=152, 'Limit' 12 at x=213, P1/P2/P3 12, Buy/Sell tab 14, SOL/USDC/SKAI 12. The frame draws a MARKET|LIMIT order-type switcher at 768 - the same control status.trade-2.trade-b.tsv already records as not-started at 375. No switcher exists in code at any width, so this cannot be done.
13006:268680	partial	src/components/trench-redesign/trade/PositionsPanel.tsx	/crypto/:symbol	Tables - Positions 768. MEASURED: a repeating 2-row CARD at 104px pitch (y=280/384/488) - labels 12 (Amount/Remaining/Bought/Sold/PnL (%)), values 14, sub-values 10 (18.21M / MM), Sell CTA 14. Code does branch to a card below lg (POSITIONS_CARD_STATE_COLS behind isLgUp) so the SHAPE is right; the card's own pitch and type ramp were not compared.
13006:268978	partial	src/components/trench-redesign/trade/TransactionsPanel.tsx	/crypto/:symbol	Tables - Transactions 768. STRUCTURAL MISMATCH, measured: the frame is a repeating 2-row label/value CARD at 118px pitch - Time/Type/Mkt. Cap./Amount then Total USD/Trader, with the labels REDRAWN per record at y=280/398/516 - not one header over rows. Code ships TX_GRID_COLS, a 6-column table on a min-w-[680px] horizontal scroller, at every width. Trench table ramp MEASURED across all three widths: header 12 everywhere; BODY 14@1440 / 12@768 / 12@375; row pitch 44@1440, 44@768, 46@375. Code: header skai-para-3=12 MATCH; body skai-para-2=14 at every width; rows h-[46px] md:h-[52px].
13006:269297	partial	src/components/trench-redesign/trade/HoldersPanel.tsx	/crypto/:symbol	Tables - Holders 768. MEASURED 9 columns (S/N, Wallet, SOL balance (last), Bought (avg. buy), Sold (avg. sell), uPnL, Remaining, Funding, Held); the rightmost cell starts at x=1015 so the track is ~1060 inside a 768 board. Code ships HOLDERS_GRID_COLS = 5 tracks on min-w-[560px]. The absent per-wallet trade columns are exactly the ones status.trade-2.trench.tsv row 37 records as blocked on a per-wallet tx index, so this row cannot be done while its 1440 twin is partial.
13006:270061	partial	src/components/trench-redesign/trade/TopHoldersPanel.tsx	/crypto/:symbol	Tables - Top holders 768. Same measured 9-column / ~1060px track as 13006:269297 against code's 5 tracks on min-w-[560px]. Body 12 vs skai-para-2=14; row pitch 44 vs h-[52px] at md. The frame-vs-code label divergence (Top traders / Top holders) stands and is documented in trade/content.ts.
13006:270826	partial	src/components/trench-redesign/trade/DevTokensPanel.tsx	/crypto/:symbol	Tables - Dev tokens 768. Column set MATCHES: 9 headers Token/Migrated/Dex/Mkt. Cap./ATH/Liquidity/1H volume/Fees/Bal. == DEVTOKENS_GRID_COLS 9 tracks. Track ends x=777 (~830 wide) vs code min-w-[920px]. Row pitch MEASURED 44 (y=318/362/406/450) vs code md:h-[52px]. Body 12 vs skai-para-2=14.
13006:271355	partial	src/components/trench-redesign/trade/TransactionsPanel.tsx	/crypto/:symbol	Tables - Transactions 768, second node. MEASURED 423 nodes / 84 texts vs 13006:268978's 397/79 - a near-duplicate, NOT byte-identical as the prior row implied. Same structural card-vs-table mismatch.
13006:271691	partial	src/components/trench-redesign/trade/TokenInfoPanel.tsx	/crypto/:symbol	Token info 768. MEASURED: 4-column badge grid at x=117/297/470/634 == code md:grid-cols-4 MATCH; tile box 44x165 == min-h-[44px] MATCH; but every tile value AND label is 10px in the frame (6.22% / Top 10 H. / Dev holding / Snipers / LP. burned / DEX paid) while code paints skai-label-2 = 12px. CA:/DA: labels 12 == skai-para-3 MATCH, their values 10 vs 12.
13006:272165	partial	src/components/trench-redesign/trade/SimilarTokensPanel.tsx	/crypto/:symbol	Similar tokens 768. MEASURED row pitch 60px (y=326/386/446/506); ticker 12 and name 12 == skai-label-2 MATCH; the $ value is 12 in the frame but skai-number-2 = 16 in code; meta ('Last tx: 23d', '2d') is 10 vs skai-para-3 = 12; heading 'Similar tokens (16)' is 12 vs skai-label-1 = 14.
13006:275283	partial	src/components/trench-redesign/trade/OrderPanel.tsx	/crypto/:symbol	Chart - Instant - sell 768. Same measured MARKET|LIMIT switcher as 13006:267296 (12px at x=152/213) with no counterpart in code. FRAME DEFECT recorded and NOT built: this frame carries the placeholder balance '0 inikky' at 12px (y=797, x=481).
13006:288566	partial	src/components/trench-redesign/trade/InstantTradeSettingsModal.tsx	/crypto/:symbol	Instant-trade settings 375. MEASURED 1111 nodes / 105 texts, ramp 12x62 10x32 14x10, radii 8x13 12x9 16x5. Code-side geometry NOT compared.
13006:289591	partial	src/components/trench-redesign/trade/TokenInfoPanel.tsx	/crypto/:symbol	Token info 375. MEASURED: 3-column badge grid at x=63/187/304 == code grid-cols-3 MATCH; tile value and label are 10px (30 of the 61 texts) vs code skai-label-2 = 12px. Same tile-type gap as the 768 cut.
13006:289837	partial	src/components/trench-redesign/trade/SimilarTokensPanel.tsx	/crypto/:symbol	TITLE LIE confirmed by artwork: this is Similar tokens, not Community. MEASURED row pitch 60px (y=285/345/405/465), ticker/name/value all 12, meta 10. Code: name skai-label-2=12 MATCH; value skai-number-2=16 vs 12; meta skai-para-3=12 vs 10.
13006:290303	partial	src/components/trench-redesign/trade/ChartSentimentBar.tsx	/crypto/:symbol	AI Bullish 375. MEASURED 1069 nodes / 97 texts, ramp 12x53 10x35 14x9; identical fingerprint to the Bearish twin 13006:291294 apart from the fill split. Code-side geometry NOT measured.
13006:291294	partial	src/components/trench-redesign/trade/ChartSentimentBar.tsx	/crypto/:symbol	AI Bearish 375. Fingerprint identical to 13006:290303 (1069/97) apart from the #ff574a/#17f9b4 split. ALSO MEASURED: this frame's fingerprint is identical to 13006:350388 'Launch > Sample token 375' - a cross-section duplicate the catalog counts twice.
13006:299321	partial	src/components/trench-redesign/trade/TransactionsPanel.tsx	/crypto/:symbol	Tables - Transactions 375. STRUCTURAL MISMATCH, measured: repeating 2-row label/value CARD at 116px pitch, labels redrawn per record at y=242/358/474, cells 12px. Code ships the 6-column TX_GRID_COLS on a min-w-[680px] scroller. The prior done recorded the scroller as the answer; the frame does not scroll a table here at all.
13006:299940	partial	src/components/trench-redesign/trade/HoldersPanel.tsx	/crypto/:symbol	Tables - Holders 375. Column set MATCHES: 5 headers S/N, Wallet, uPnL, Remaining, Held == HOLDERS_GRID_COLS 5 tracks. Row pitch MEASURED 46 (y=280/326/372/418) == code h-[46px] MATCH. Track ends x=504 (~530) vs code min-w-[560px]. FAILS on type: every body cell is 12 in the frame, code paints skai-para-2 = 14.
13006:301601	partial	src/components/trench-redesign/trade/TopHoldersPanel.tsx	/crypto/:symbol	Tables - Top holders 375. Same measured 5-column / 46px-pitch / ~530px track as 13006:299940; the overflow-x-auto + min-w-[560px] added by the wave-2 lane is confirmed present and correctly pinned to the sibling. FAILS on type: body 12 vs skai-para-2 = 14.
13006:302656	partial	src/components/trench-redesign/trade/BubblemapsPanel.tsx	/crypto/:symbol	Tables - Bubble maps 375. MEASURED: the panel carries only '1 hour ago' / 'All related' / one token label, all 12px, and no track wider than the board - so the wave-2 finding that no overflow wrapper is needed HOLDS. Downgraded because the map body itself (BubbleMap) was not measured against the frame.
13006:302846	partial	src/components/trench-redesign/trade/DevTokensPanel.tsx	/crypto/:symbol	Tables - Dev tokens 375. MEASURED: the frame DROPS to 5 columns at this width (Token, Migrated, Mkt. Cap., 1H volume, Bal.; track ends x=374, ~430 wide) and keeps 44px pitch. Code ships all 9 columns on a min-w-[920px] scroller - more than twice the frame's track. Frame is 936 tall, a full-scroll cut, not 812.
13006:303093	partial	src/components/trench-redesign/trade/TransactionsPanel.tsx	/crypto/:symbol	Tables - Transactions 375, second node. MEASURED 422 nodes / 77 texts vs 13006:299321's 396/72 - near-duplicate, not identical. Same structural card-vs-table mismatch.
13006:303738	done	src/components/trench-redesign/trade/OneClickTradeModal.tsx	/crypto/:symbol	MEASURED modal node 13006:303738: 354w r16 pad 12 itemSpacing 24; scrim SOLID #001615@44% + BACKGROUND_BLUR 5. Code matches all five. RESIDUAL: DialogContent's base w-[calc(100%-2rem)] paints 343 at a 375 viewport against the frame's 354 - an 11px inset gap shared by every dialog on this surface, reported not patched. FIXED THIS LANE: gap was gap-10 (40px) at every width; now gap-6 lg:gap-10.
13006:304891	done	src/components/trench-redesign/trade/OneClickTradeModal.tsx	/crypto/:symbol	MEASURED modal node 13006:304891: 354w r16 pad 12 itemSpacing 24; scrim SOLID #001615@44% + BACKGROUND_BLUR 5. Code matches all five. RESIDUAL: DialogContent's base w-[calc(100%-2rem)] paints 343 at a 375 viewport against the frame's 354 - an 11px inset gap shared by every dialog on this surface, reported not patched. Buy phase of the same modal; chrome fixed with its sibling.
13006:309673	done	src/components/trench-redesign/discover/BlacklistModal.tsx	/trench	MEASURED modal node 13006:309673: 354w r16 pad 24/12 itemSpacing 24; scrim SOLID #001615@44% + BACKGROUND_BLUR 5. Code matches all five. RESIDUAL: DialogContent's base w-[calc(100%-2rem)] paints 343 at a 375 viewport against the frame's 354 - an 11px inset gap shared by every dialog on this surface, reported not patched. FIXED THIS LANE: gap was gap-4 (16px, the DESKTOP value) at every width; now gap-6 lg:gap-4.
13006:310854	done	src/components/trench-redesign/discover/HotkeysMenu.tsx	/trench	MEASURED right menu 359w r12 pad12 fill #122524@80 vs RIGHT_MENU_SHEET_CLASS w-[calc(100%-1rem)]=359 rounded-lg=12 p-3=12 rgba(18,37,36,0.8) - all four MATCH. Frames draw no scrim on right-menus and RIGHT_MENU_OVERLAY_CLASS is bg-transparent - MATCH. Residual not measured: the frame node's itemSpacing is 32 and no class carries it.
13006:312095	done	src/components/trench-redesign/discover/AlertsModal.tsx	/trench	MEASURED modal node 13006:312095: 354w r16 pad 12 itemSpacing 24; scrim SOLID #001615@44% + BACKGROUND_BLUR 5. Code matches all five. RESIDUAL: DialogContent's base w-[calc(100%-2rem)] paints 343 at a 375 viewport against the frame's 354 - an 11px inset gap shared by every dialog on this surface, reported not patched. FIXED THIS LANE: gap was gap-10 (40px, the 1440 value) at every width; now gap-6 lg:gap-10.
13006:313250	done	src/components/trench-redesign/discover/AlertsModal.tsx	/trench	MEASURED modal node 13006:313250: 354w r16 pad 12 itemSpacing 24; scrim SOLID #001615@44% + BACKGROUND_BLUR 5. Code matches all five. RESIDUAL: DialogContent's base w-[calc(100%-2rem)] paints 343 at a 375 viewport against the frame's 354 - an 11px inset gap shared by every dialog on this surface, reported not patched. Toggle-on state; chrome fixed with its sibling.
13006:314445	done	src/components/trench-redesign/discover/SnipeSettingsMenu.tsx	/trench	MEASURED right menu 359w r12 pad12 fill #122524@80 vs RIGHT_MENU_SHEET_CLASS w-[calc(100%-1rem)]=359 rounded-lg=12 p-3=12 rgba(18,37,36,0.8) - all four MATCH. Frames draw no scrim on right-menus and RIGHT_MENU_OVERLAY_CLASS is bg-transparent - MATCH. Residual not measured: the frame node's itemSpacing is 32 and no class carries it.
13006:315650	done	src/components/trench-redesign/discover/FiltersPanel.tsx	/trench	MEASURED right menu 359w r12 pad12 fill #122524@80 vs RIGHT_MENU_SHEET_CLASS w-[calc(100%-1rem)]=359 rounded-lg=12 p-3=12 rgba(18,37,36,0.8) - all four MATCH. Frames draw no scrim on right-menus and RIGHT_MENU_OVERLAY_CLASS is bg-transparent - MATCH. Residual not measured: the frame node's itemSpacing is 32 and no class carries it. Frame names this panel 'Right menu - Audit'.
13006:319384	partial	src/components/home-redesign/whales/ActivityView.tsx	/trench	Trackers > Wallets - empty 375. Trackers ramp MEASURED at all three widths: header 12/12/12; cell 14@1440 12@768 12@375; value 16@1440 14@768 12@375; sub 11@1440 10@768 10@375. Code (ActivityView): header text-xs lg:text-sm (12 then 14 - inverted vs the frame), cell text-sm=14, ROW_VALUE text-base=16, ROW_SUBVALUE text-[11px]. None of the four ramps with the breakpoint.
13006:319525	partial	src/components/home-redesign/whales/ActivityView.tsx	/trench	Trackers > Wallets Manager 375. MEASURED row pitch 48 (y=319/367/415), headers Date / Name, Balance, Last active, Delete all at 12, cells 12, balance 12, sub-balance 10, emoji tile 16. Trackers ramp MEASURED at all three widths: header 12/12/12; cell 14@1440 12@768 12@375; value 16@1440 14@768 12@375; sub 11@1440 10@768 10@375. Code (ActivityView): header text-xs lg:text-sm (12 then 14 - inverted vs the frame), cell text-sm=14, ROW_VALUE text-base=16, ROW_SUBVALUE text-[11px]. None of the four ramps with the breakpoint.
13006:319762	partial	src/components/home-redesign/whales/ActivityView.tsx	/trench	Trackers > Live trades 375. MEASURED row pitch 40 (y=317/357/397/437), headers Name/Token/Amount/Mkt. Cap. at 12, cells 12. Trackers ramp MEASURED at all three widths: header 12/12/12; cell 14@1440 12@768 12@375; value 16@1440 14@768 12@375; sub 11@1440 10@768 10@375. Code (ActivityView): header text-xs lg:text-sm (12 then 14 - inverted vs the frame), cell text-sm=14, ROW_VALUE text-base=16, ROW_SUBVALUE text-[11px]. None of the four ramps with the breakpoint.
13006:320262	partial	src/components/home-redesign/whales/ActivityView.tsx	/trench	Trackers > KOLs 375. Trackers ramp MEASURED at all three widths: header 12/12/12; cell 14@1440 12@768 12@375; value 16@1440 14@768 12@375; sub 11@1440 10@768 10@375. Code (ActivityView): header text-xs lg:text-sm (12 then 14 - inverted vs the frame), cell text-sm=14, ROW_VALUE text-base=16, ROW_SUBVALUE text-[11px]. None of the four ramps with the breakpoint.
13006:321307	partial	src/components/home-redesign/whales/AddWalletSheet.tsx	/trench	Trackers > Wallets - add wallet 375. MEASURED 272 nodes / 55 texts, ramp 12x38 14x11 10x3. Code-side field geometry NOT compared.
13006:321483	partial	src/components/home-redesign/whales/XAccountsPanel.tsx	/trench	Trackers > X accounts - empty 375. Trackers ramp MEASURED at all three widths: header 12/12/12; cell 14@1440 12@768 12@375; value 16@1440 14@768 12@375; sub 11@1440 10@768 10@375. Code (ActivityView): header text-xs lg:text-sm (12 then 14 - inverted vs the frame), cell text-sm=14, ROW_VALUE text-base=16, ROW_SUBVALUE text-[11px]. None of the four ramps with the breakpoint.
13006:321618	partial	src/components/home-redesign/whales/XAccountsPanel.tsx	/trench	Trackers > X accounts - Popular 375. MEASURED row pitch 40 (y=243/283/323/363), Popular/My list tabs 14, handle rows 12. Trackers ramp MEASURED at all three widths: header 12/12/12; cell 14@1440 12@768 12@375; value 16@1440 14@768 12@375; sub 11@1440 10@768 10@375. Code (ActivityView): header text-xs lg:text-sm (12 then 14 - inverted vs the frame), cell text-sm=14, ROW_VALUE text-base=16, ROW_SUBVALUE text-[11px]. None of the four ramps with the breakpoint.
13006:321865	partial	src/components/home-redesign/whales/XAccountsPanel.tsx	/trench	Trackers > X accounts - My list 375. Trackers ramp MEASURED at all three widths: header 12/12/12; cell 14@1440 12@768 12@375; value 16@1440 14@768 12@375; sub 11@1440 10@768 10@375. Code (ActivityView): header text-xs lg:text-sm (12 then 14 - inverted vs the frame), cell text-sm=14, ROW_VALUE text-base=16, ROW_SUBVALUE text-[11px]. None of the four ramps with the breakpoint.
13006:323907	done	src/components/trench-redesign/trade/OneClickTradeModal.tsx	/crypto/:symbol	MEASURED modal node 13006:323907: 448w r16 pad 12 itemSpacing 24; scrim SOLID #001615@44% + BACKGROUND_BLUR 5. Code matches all five. RESIDUAL: DialogContent's base w-[calc(100%-2rem)] paints 343 at a 375 viewport against the frame's 354 - an 11px inset gap shared by every dialog on this surface, reported not patched. The sm: padding copies are what make 768 take 12px; without them DialogContent's own sm:p-6 wins the tablet band back to 24.
13006:325359	done	src/components/trench-redesign/trade/OneClickTradeModal.tsx	/crypto/:symbol	MEASURED modal node 13006:325359: 448w r16 pad 12 itemSpacing 24; scrim SOLID #001615@44% + BACKGROUND_BLUR 5. Code matches all five. RESIDUAL: DialogContent's base w-[calc(100%-2rem)] paints 343 at a 375 viewport against the frame's 354 - an 11px inset gap shared by every dialog on this surface, reported not patched. Buy phase, tablet.
13006:331324	done	src/components/trench-redesign/discover/BlacklistModal.tsx	/trench	MEASURED modal node 13006:331324: 448w r16 pad 24/12 itemSpacing 24; scrim SOLID #001615@44% + BACKGROUND_BLUR 5. Code matches all five. RESIDUAL: DialogContent's base w-[calc(100%-2rem)] paints 343 at a 375 viewport against the frame's 354 - an 11px inset gap shared by every dialog on this surface, reported not patched.
13006:332803	done	src/components/trench-redesign/discover/HotkeysMenu.tsx	/trench	MEASURED right menu 442w r16 pad20 fill #122524@80 vs code sm:max-w-[442px] md:rounded-xl=16 md:p-5=20 - MATCH, and md engages at exactly 768. Residual not measured: frame itemSpacing 32.
13006:334343	done	src/components/trench-redesign/discover/AlertsModal.tsx	/trench	MEASURED modal node 13006:334343: 448w r16 pad 12 itemSpacing 24; scrim SOLID #001615@44% + BACKGROUND_BLUR 5. Code matches all five. RESIDUAL: DialogContent's base w-[calc(100%-2rem)] paints 343 at a 375 viewport against the frame's 354 - an 11px inset gap shared by every dialog on this surface, reported not patched.
13006:335797	done	src/components/trench-redesign/discover/AlertsModal.tsx	/trench	MEASURED modal node 13006:335797: 448w r16 pad 12 itemSpacing 24; scrim SOLID #001615@44% + BACKGROUND_BLUR 5. Code matches all five. RESIDUAL: DialogContent's base w-[calc(100%-2rem)] paints 343 at a 375 viewport against the frame's 354 - an 11px inset gap shared by every dialog on this surface, reported not patched. Toggle-on state.
13006:337291	done	src/components/trench-redesign/discover/SnipeSettingsMenu.tsx	/trench	MEASURED right menu 442w r16 pad20 fill #122524@80 vs code sm:max-w-[442px] md:rounded-xl=16 md:p-5=20 - MATCH, and md engages at exactly 768. Residual not measured: frame itemSpacing 32.
13006:338795	done	src/components/trench-redesign/discover/FiltersPanel.tsx	/trench	MEASURED right menu 442w r16 pad20 fill #122524@80 vs code sm:max-w-[442px] md:rounded-xl=16 md:p-5=20 - MATCH, and md engages at exactly 768. Residual not measured: frame itemSpacing 32. Re-measured: this frame's own radius is 12 where its two 768 siblings are 16 - Figma-internal drift, siblings win, code ships 16.
13006:344161	partial	src/components/home-redesign/whales/ActivityView.tsx	/trench	Trackers > Wallets - empty 768. Trackers ramp MEASURED at all three widths: header 12/12/12; cell 14@1440 12@768 12@375; value 16@1440 14@768 12@375; sub 11@1440 10@768 10@375. Code (ActivityView): header text-xs lg:text-sm (12 then 14 - inverted vs the frame), cell text-sm=14, ROW_VALUE text-base=16, ROW_SUBVALUE text-[11px]. None of the four ramps with the breakpoint.
13006:344352	partial	src/components/home-redesign/whales/XAccountsPanel.tsx	/trench	Trackers > X accounts - empty 768. Trackers ramp MEASURED at all three widths: header 12/12/12; cell 14@1440 12@768 12@375; value 16@1440 14@768 12@375; sub 11@1440 10@768 10@375. Code (ActivityView): header text-xs lg:text-sm (12 then 14 - inverted vs the frame), cell text-sm=14, ROW_VALUE text-base=16, ROW_SUBVALUE text-[11px]. None of the four ramps with the breakpoint.
13006:344538	partial	src/components/home-redesign/whales/ActivityView.tsx	/trench	Trackers > Wallets Manager 768. MEASURED row pitch 48 (y=329/377/425), headers 12, cells 12, balance 14, sub 10, emoji 16. Trackers ramp MEASURED at all three widths: header 12/12/12; cell 14@1440 12@768 12@375; value 16@1440 14@768 12@375; sub 11@1440 10@768 10@375. Code (ActivityView): header text-xs lg:text-sm (12 then 14 - inverted vs the frame), cell text-sm=14, ROW_VALUE text-base=16, ROW_SUBVALUE text-[11px]. None of the four ramps with the breakpoint.
13006:344822	partial	src/components/home-redesign/whales/ActivityView.tsx	/trench	Trackers > Live trades 768. MEASURED row pitch 40 (y=327/367/407/447), headers 12, cells 12. Trackers ramp MEASURED at all three widths: header 12/12/12; cell 14@1440 12@768 12@375; value 16@1440 14@768 12@375; sub 11@1440 10@768 10@375. Code (ActivityView): header text-xs lg:text-sm (12 then 14 - inverted vs the frame), cell text-sm=14, ROW_VALUE text-base=16, ROW_SUBVALUE text-[11px]. None of the four ramps with the breakpoint.
13006:345991	partial	src/components/home-redesign/whales/ActivityView.tsx	/trench	Trackers > KOLs 768. Trackers ramp MEASURED at all three widths: header 12/12/12; cell 14@1440 12@768 12@375; value 16@1440 14@768 12@375; sub 11@1440 10@768 10@375. Code (ActivityView): header text-xs lg:text-sm (12 then 14 - inverted vs the frame), cell text-sm=14, ROW_VALUE text-base=16, ROW_SUBVALUE text-[11px]. None of the four ramps with the breakpoint.
13006:346515	partial	src/components/home-redesign/whales/XAccountsPanel.tsx	/trench	Trackers > X accounts - Popular 768. MEASURED row pitch 40 (y=331/371/411), tabs 14, handles 12. Trackers ramp MEASURED at all three widths: header 12/12/12; cell 14@1440 12@768 12@375; value 16@1440 14@768 12@375; sub 11@1440 10@768 10@375. Code (ActivityView): header text-xs lg:text-sm (12 then 14 - inverted vs the frame), cell text-sm=14, ROW_VALUE text-base=16, ROW_SUBVALUE text-[11px]. None of the four ramps with the breakpoint.
13006:346820	partial	src/components/home-redesign/whales/AddWalletSheet.tsx	/trench	Trackers > Wallets - add wallet 768. MEASURED 350 nodes / 65 texts, ramp 12x38 14x17 10x6. Code-side field geometry NOT compared.
13006:347046	partial	src/components/home-redesign/whales/XAccountsPanel.tsx	/trench	Trackers > X accounts - My list 768. Trackers ramp MEASURED at all three widths: header 12/12/12; cell 14@1440 12@768 12@375; value 16@1440 14@768 12@375; sub 11@1440 10@768 10@375. Code (ActivityView): header text-xs lg:text-sm (12 then 14 - inverted vs the frame), cell text-sm=14, ROW_VALUE text-base=16, ROW_SUBVALUE text-[11px]. None of the four ramps with the breakpoint.
13006:356941	partial	src/components/home-redesign/whales/ImportWalletsModal.tsx	/trench	Trackers > Wallets Manager - import wallet 375. MEASURED 376 nodes / 71 texts, ramp 12x54 14x8 10x4 16x3, radii 2/8/4/12/16. Code-side NOT compared.
13006:357209	partial	src/components/home-redesign/whales/ImportWalletsModal.tsx	/trench	Trackers > Wallets Manager - import wallet 768. MEASURED 451 nodes / 81 texts, ramp 12x52 14x17 10x7 16x3. Code-side NOT compared.
13006:134301	partial	src/pages/trade/TrenchRedesign.tsx	/trench	Trench 1VH 1440. MEASURED 1469 nodes / 354 texts, ramp 11x186 12x150 16x9 14x8 32x1, radii 8x50 2x47 9999x34 16x29 4x24, palette #95a09f #ffffff #56c7f3 #001615 #17f9b4 #122524. The dominant 11px is the board's dense row text, which code paints as text-xs (12) in TokenRow/TokenTable. Page-level parity not established.
13006:135613	partial	src/components/trench-redesign/discover/MarketPulseBoard.tsx	/trench	Trench - actual 1440. MEASURED 2911 nodes / 534 texts, ramp 11x384 12x114 8x18; the 3749.625 / 173.33 radii and the #fdde00 / #ffbd16 fills are the Trench scroller ticker, not board chrome. Same 11-vs-12 dense-row gap as 13006:134301.
13006:155671	partial	src/components/trench-redesign/discover/AdjustTrenchSettings.tsx	/trench	Display settings 1440. Right-menu chrome at 1440 (442w r24 pad24) was NOT independently re-measured this pass - my node scan surfaced the board's own containers first. The 375 and 768 stops WERE re-measured and match (359/r12/p12 and 442/r16/p20). Downgraded rather than carried on the in-code record alone.
13006:159412	partial	src/components/trench-redesign/discover/AdjustTrenchSettings.tsx	/trench	Display settings - colour row 1440. Right-menu chrome at 1440 (442w r24 pad24) was NOT independently re-measured this pass - my node scan surfaced the board's own containers first. The 375 and 768 stops WERE re-measured and match (359/r12/p12 and 442/r16/p20). Downgraded rather than carried on the in-code record alone. ALSO MEASURED: 13006:195423 has a byte-identical fingerprint to this node (2980 nodes / 545 texts / same ramp, radii, fills, padding and gap), which contradicts that node's catalogued title.
13006:173270	partial	src/components/trench-redesign/discover/DiscoverTabs.tsx	/trench	Discover > Trending 1440. MEASURED 1050 nodes / 219 texts, ramp 11x75 14x62 12x59 16x16, radii 9999x63 8x25 16x18. Code-side column and type comparison NOT done.
13006:174265	partial	src/components/trench-redesign/discover/DiscoverScreen.tsx	/trench	Discover > DEX Screener 1440. MEASURED 820 nodes / 182 texts vs Trending's 1050/219 - the two are NOT the same artwork, so the 'renders Trending's rows' argument is a product decision, not a measured equivalence. Deliberate non-build stands; done does not.
13006:176980	partial	src/components/trench-redesign/discover/FiltersPanel.tsx	/trench	Filters 1440. Right-menu chrome at 1440 (442w r24 pad24) was NOT independently re-measured this pass - my node scan surfaced the board's own containers first. The 375 and 768 stops WERE re-measured and match (359/r12/p12 and 442/r16/p20). Downgraded rather than carried on the in-code record alone.
13006:179860	partial	src/components/home-redesign/whales/ActivityView.tsx	/trench	Trackers > Wallet manager 1440. MEASURED row pitch 48 (y=261/309/357); headers Date / Name, Balance, Last active, Delete all all 12; cells 14; balance 16; sub-balance 11; tabs 14. Code cell/value/sub MATCH at this width (text-sm=14, text-base=16, text-[11px]) but the HEADER is text-xs lg:text-sm, i.e. 14 at lg where the frame says 12.
13006:180340	partial	src/components/home-redesign/whales/ActivityView.tsx	/trench	Trackers > Live trades 1440. MEASURED row pitch 40 (y=260/300); headers 12; cells 12. Code paints cells text-sm=14 here, so the 1440 Live-trades table diverges even though Wallet manager's cells match - the frame uses 12 for this table and 14 for that one.
13006:182215	partial	src/components/home-redesign/whales/ImportWalletsModal.tsx	/trench	Trackers > Wallet manager > Import wallet 1440. MEASURED 607 nodes / 97 texts, ramp 12x40 14x30 16x18 11x7. Code-side NOT compared.
13006:182640	partial	src/components/home-redesign/whales/ActivityView.tsx	/trench	Trackers > Live trades 1440, second node. MEASURED 731 nodes / 178 texts vs 13006:180340's 846/206 - a near-duplicate, NOT the same surface twice as the prior row implied. Same 12-vs-14 cell gap.
13006:183651	partial	src/components/home-redesign/whales/ActivityView.tsx	/trench	Trackers > KOLs 1440. MEASURED 1106 nodes / 124 texts, ramp 12x78 14x30 16x9 11x6. Code cell/header ramp as per 13006:179860.
13006:184491	partial	src/components/home-redesign/whales/ActivityView.tsx	/trench	Trackers - empty 1440. MEASURED 356 nodes / 63 texts, ramp 12x31 14x14 16x9 11x6. Empty-state copy present; type ramp not compared.
13006:184758	partial	src/components/home-redesign/whales/AddWalletSheet.tsx	/trench	Trackers - empty > Add wallet 1440. MEASURED 402 nodes / 73 texts; the sheet's own padding node is 20/20/20/20. Code-side sheet geometry NOT compared.
13006:185849	done	src/components/trench-redesign/discover/AlertsModal.tsx	/trench	MEASURED modal node 13006:185849: 564w r32 pad 24 itemSpacing 40; scrim SOLID #001615@44% + BACKGROUND_BLUR 5. Code matches all five. This is the one stop the shipped code already had right at every axis - lg:max-w-[564px] lg:rounded-[32px] lg:p-6 lg:gap-10. Survived unchanged.
13006:188690	done	src/components/trench-redesign/discover/AlertsModal.tsx	/trench	MEASURED modal node 13006:188690: 564w r32 pad 24 itemSpacing 40; scrim SOLID #001615@44% + BACKGROUND_BLUR 5. Code matches all five. Toggle-on state of the same modal. Survived unchanged.
13006:195423	partial	src/components/trench-redesign/discover/AdjustTrenchSettings.tsx	/trench	Catalogued as 'One-click trade settings - modal buy > updated new pairs CTA' 1440. MEASURED fingerprint is byte-identical to 13006:159412 'Display settings - colour row' (2980 nodes, 545 texts, identical ramp/radii/fills/padding/gap) and the frame contains NO modal node. IDENTIFY BY ARTWORK: this row's title does not describe its node. Needs a re-title before any verdict.
13006:198981	done	src/components/trench-redesign/trade/OneClickTradeModal.tsx	/trench	MEASURED modal node 13006:198981: 564w r32 pad 24 itemSpacing 40; scrim SOLID #001615@44% + BACKGROUND_BLUR 5. Code matches all five. FIXED THIS LANE: lg:max-w-[480px] -> lg:max-w-[564px]. The 480 sat behind a comment claiming the 1440 board was another lane's slice - it is not, these frames are rows in status.trade-2.trench.tsv.
13006:201820	done	src/components/trench-redesign/trade/OneClickTradeModal.tsx	/trench	MEASURED modal node 13006:201820: 564w r32 pad 24 itemSpacing 40; scrim SOLID #001615@44% + BACKGROUND_BLUR 5. Code matches all five. Buy state; width fixed with its siblings.
13006:204666	done	src/components/trench-redesign/trade/OneClickTradeModal.tsx	/trench	MEASURED modal node 13006:204666: 564w r32 pad 24 itemSpacing 40; scrim SOLID #001615@44% + BACKGROUND_BLUR 5. Code matches all five. Sell state; width fixed with its siblings.
13006:217349	partial	src/components/trench-redesign/trade/InstantTradeSettingsModal.tsx	/crypto/:symbol	Trade > Instant trade settings 1440. MEASURED the right rail: 'Frame 300' 313w pad 16 gap 12 fill #122524, 'Multi-panel - data' 313w r8 pad 16 gap 36. Note 313, not the 442 the prior row asserts - 442 is the right-MENU family, this is the rail. Code-side NOT compared.
13006:230793	partial	src/components/trench-redesign/trade/DevTokensPanel.tsx	/crypto/:symbol	Trade > Dev tokens 1440. MEASURED: 9 headers at 12 == code skai-para-3 MATCH; body cells 14 == skai-para-2 MATCH; but row pitch is 44 (y=797/841/885/929) against code md:h-[52px], and the panel TAB row is 14 (Positions / Transactions / Holders (7) / KOLs / Dev tokens (4)) against PanelTabs text-xs/[16px] = 12. Token-info rail badges 11 vs skai-label-2 = 12.
13006:233358	partial	src/components/trench-redesign/trade/TransactionsPanel.tsx	/crypto/:symbol	Trade > Transactions 1440. MEASURED: headers Time/Type/Mkt. Cap./Amount/Total USD/Trader at 12 == skai-para-3 MATCH; body 14 == skai-para-2 MATCH; Buy/Sell chip 11. Row pitch 44 (y=797/841/885/929) vs code md:h-[52px]; panel tab row 14 vs PanelTabs 12. Frame is 1530 tall, a full-scroll cut.
13006:236560	partial	src/components/trench-redesign/trade/AdjustMakerFilterModal.tsx	/crypto/:symbol	Trade > Transactions > Adjust maker filter 1440. MEASURED 2505 nodes / 372 texts - 26 more nodes and 5 more texts than the base Transactions frame 13006:233358, i.e. the right menu is the whole delta. Code-side menu geometry NOT compared.
13006:144635	partial	src/components/home-redesign/HomeTopBar.tsx	(global chrome)	Trade - dropdown 1440. MEASURED dropdown node 300x344, r12, pad 16/32/16/16, itemSpacing 24, at x=103 y=48; row labels 12, descriptions 12. Code-side dropdown geometry NOT located or compared this pass. FRAME DEFECT recorded, not built: this frame carries the template leftover 'Add SKAI from your wallet to your vault...'.
13006:250464	partial	src/components/home-redesign/HomeTopBar.tsx	(global chrome)	Trade - dropdown 1440, second node. CORRECTION to the prior row: this is NOT a byte-identical duplicate - MEASURED 1651 nodes / 251 texts against 13006:144635's 1685 / 238. The DROPDOWN node itself is identical (300x344, r12, pad 16/32/16/16, gap 24, same x=103 y=48); the board behind it differs. FRAME DEFECT recorded, not built: this frame carries the template leftover 'Add SKAI from your wallet to your vault...'.
13006:146233	partial	src/pages/Launchpad.tsx	/launchpad	Launch 1440, above the fold. Launch page type ramp MEASURED at all three widths: h1 32 / h2 24 / market-cap 22 / ticker 14 / meta 11 / body 14 at 1440; h2 18 / MC 16 / ticker 12 / meta 10 / body 12 at 768; h2 18 / MC 14 / ticker 12 / meta 10 / body 12 at 375. Trending-card pitch 331 / 276 / 208. Code-side per-element type was NOT compared, so this is frame numbers on record, not parity.
13006:150346	partial	src/pages/Launchpad.tsx	/launchpad	Launch 1440 full scroll (2226 tall). MEASURED 1304 nodes / 285 texts. Launch page type ramp MEASURED at all three widths: h1 32 / h2 24 / market-cap 22 / ticker 14 / meta 11 / body 14 at 1440; h2 18 / MC 16 / ticker 12 / meta 10 / body 12 at 768; h2 18 / MC 14 / ticker 12 / meta 10 / body 12 at 375. Trending-card pitch 331 / 276 / 208. Code-side per-element type was NOT compared, so this is frame numbers on record, not parity.
13006:151520	partial	src/pages/Launchpad.tsx	/launchpad	Launch 1440 full scroll, third node. CONFIRMED byte-identical to 13006:150346 by fingerprint - same 1304 nodes, 285 texts, and identical type ramp, radius, fill, padding and gap histograms. Dedupe candidate confirmed by measurement.
13006:152694	partial	src/pages/Launchpad.tsx	/launchpad	Launch 1440 full scroll, fourth node. MEASURED 1552 nodes / 298 texts against 150346's 1304/285 - NOT a duplicate; the extra mass is the Trench scroller (the #ffbd16 / 9999-radius chip cluster) replacing the market ticker. This is the variant the app mounts.
13006:279872	partial	src/pages/Launchpad.tsx	/launchpad	Launch 768 above the fold. MEASURED 970 nodes / 191 texts, ramp 12x115 10x47 14x19 16x5. Launch page type ramp MEASURED at all three widths: h1 32 / h2 24 / market-cap 22 / ticker 14 / meta 11 / body 14 at 1440; h2 18 / MC 16 / ticker 12 / meta 10 / body 12 at 768; h2 18 / MC 14 / ticker 12 / meta 10 / body 12 at 375. Trending-card pitch 331 / 276 / 208. Code-side per-element type was NOT compared, so this is frame numbers on record, not parity.
13006:278955	partial	src/pages/Launchpad.tsx	/launchpad	Launch 768 full scroll. MEASURED fingerprint identical to 13006:279872 (970 nodes / 191 texts, same histograms) - the two differ only in board height (1024 vs 1700), so they are one cut at two crops.
13006:280789	partial	src/pages/Launchpad.tsx	/launchpad	Launch 375 above the fold. MEASURED 637 nodes / 126 texts, ramp 12x86 10x28 14x8. Launch page type ramp MEASURED at all three widths: h1 32 / h2 24 / market-cap 22 / ticker 14 / meta 11 / body 14 at 1440; h2 18 / MC 16 / ticker 12 / meta 10 / body 12 at 768; h2 18 / MC 14 / ticker 12 / meta 10 / body 12 at 375. Trending-card pitch 331 / 276 / 208. Code-side per-element type was NOT compared, so this is frame numbers on record, not parity.
13006:281378	partial	src/pages/Launchpad.tsx	/launchpad	Launch 375, second node. MEASURED 643 nodes / 126 texts and 4 top-level children against 13006:280789's 637 / 126 / 7 - the delta is exactly the three scroll-affordance rectangles, confirming the prior lane's read.
13006:282582	partial	src/pages/Launchpad.tsx	/launchpad	Launch 375 full scroll (1700 tall). MEASURED 632 nodes / 126 texts, same histograms as the 812 cut.
13006:148857	partial	src/components/trade/LaunchLiveBoard.tsx	/trade/live	Launch > Live 1440. MEASURED 872 nodes / 170 texts, ramp 11x65 14x58 12x33 16x9 24x4, radii 8x81 4x58 9999x49 16x35, and an #ff7e50 accent family absent from the rest of Trade 2. Code-side geometry NOT compared.
13006:149613	partial	src/components/trade/LaunchLiveBoard.tsx	/trade/live	Launch > Live 1440 full scroll (2051 tall). MEASURED 841 nodes / 152 texts - the 1VH cut carries 18 more texts, so the two crops are not identical content. Code-side NOT compared.
13006:241485	partial	src/components/trench-redesign/trade/TradeTerminal.tsx	/crypto/:symbol	Launch > Sample token 1440. MEASURED 1973 nodes / 263 texts, ramp 12x137 11x75 14x33 16x16. Same 1440 terminal as the Trench rows, so it inherits their measured gaps (panel tab 14 vs 12, table pitch 44 vs 52). FRAME DEFECT recorded, not built: this frame carries the template leftover 'Add SKAI from your wallet to your vault...'.
13006:353851	partial	src/components/trench-redesign/trade/TradeTerminal.tsx	/crypto/:symbol	Launch > Sample token 768. MEASURED fingerprint is byte-identical to 13006:264486 'Chart - Instant > AI Bearish 768' - 1402 nodes, 128 texts, identical ramp/radii/fills/padding/gap. A cross-section duplicate the catalog counts in two lanes.
13006:350388	partial	src/components/trench-redesign/trade/TradeTerminal.tsx	/crypto/:symbol	Launch > Sample token 375. MEASURED fingerprint byte-identical to 13006:291294 'AI Bearish 375' (1069 nodes / 97 texts). Same cross-section duplication as the 768 pair.
13006:243693	partial	src/components/trench-redesign/trade/TradeTerminal.tsx	/crypto/:symbol	Launch > new token 1440. MEASURED 1978 nodes / 264 texts against Sample token's 1973 / 263 - a 5-node, 1-text delta, consistent with the single Start-stream control the prior row names. FRAME DEFECT recorded, not built: this frame carries the template leftover 'Add SKAI from your wallet to your vault...'.
13006:355256	partial	src/components/trench-redesign/trade/TradeTerminal.tsx	/crypto/:symbol	Launch > new token 768. MEASURED 1406 nodes / 129 texts vs Sample token 768's 1402 / 128.
13006:351379	partial	src/components/trench-redesign/trade/TradeTerminal.tsx	/crypto/:symbol	Launch > new token 375. MEASURED 1069 nodes / 98 texts vs Sample token 375's 1069 / 97.
13006:245903	partial	src/components/home-redesign/insightx/InsightXScreen.tsx	/?tab=insightx	Sample token > Dashboard - negative 1440. MEASURED 361 nodes / 47 texts, ramp 14x14 12x11 11x9 16x9 22x3 32x1, radii 8x21 4x13 16x13. Code-side NOT compared.
13006:285929	partial	src/components/home-redesign/insightx/InsightXScreen.tsx	/?tab=insightx	Dashboard - negative 768. MEASURED 240 nodes / 32 texts, ramp 12x20 14x8 16x3 24x1. Frame is 1060 tall, NOT 1024 - a full-scroll cut mis-titled 1VH.
13006:285797	partial	src/components/home-redesign/insightx/InsightXScreen.tsx	/?tab=insightx	Dashboard - negative 375. MEASURED 214 nodes / 26 texts, ramp 12x22 14x3 20x1. Frame is 910 tall, NOT 812.
13006:246173	partial	src/components/home-redesign/insightx/InsightXScreen.tsx	/?tab=insightx	Dashboard - positive 1440. MEASURED 359 nodes / 47 texts - two fewer than the negative branch, the delta being the #17f9b4 verdict fill. A data state, not a second build.
13006:286114	partial	src/components/home-redesign/insightx/InsightXScreen.tsx	/?tab=insightx	Dashboard - positive 768. MEASURED 239 nodes / 32 texts; 1060 tall, not 1024.
13006:284221	partial	src/components/home-redesign/insightx/InsightXScreen.tsx	/?tab=insightx	Dashboard - positive 375. MEASURED 213 nodes / 26 texts; 910 tall, not 812.
13006:147486	partial	src/pages/LaunchpadCreate.tsx	/launchpad/create	create token 1440 above the fold. MEASURED 402 nodes / 71 texts, ramp 14x24 16x24 12x12 11x6 18x4 32x1, radii 12x12 8x11 9999x10 16x9. FRAME DEFECT recorded, not built: prints 'Image - max 15mb' / 'Video - max 30mb'; the upload rail (get-asset-upload-url) refuses anything over 8MB and Casey ruled the cap stays. FRAME DEFECT recorded, not built: this frame carries the template leftover 'Add SKAI from your wallet to your vault...'.
13006:148299	frame-defect	src/pages/LaunchpadCreate.tsx	/launchpad/create	create token 1440 full scroll. This row's whole subject is the media ceiling, and the FRAME is the wrong half: it prints 'Image - max 15mb' and 'Video - max 30mb' (both strings measured present) while get-asset-upload-url refuses over 8MB for every category, and uploadTokenMedia runs AFTER deployToken lands on-chain so an oversize file was only refused once the creation fee was spent. Code now reads TOKEN_MEDIA_MAX_BYTES. Recorded as frame-defect so the redraw stays visible to design instead of reading as an engineering gap.
13006:286299	partial	src/pages/LaunchpadCreate.tsx	/launchpad/create	create token 768 above the fold. MEASURED 270 nodes / 54 texts, ramp 14x30 12x23 24x1, radii 12x16 8x10. FRAME DEFECT recorded, not built: prints 'Image - max 15mb' / 'Video - max 30mb'; the upload rail (get-asset-upload-url) refuses anything over 8MB and Casey ruled the cap stays.
13006:287246	partial	src/pages/LaunchpadCreate.tsx	/launchpad/create	create token 768 full scroll (2110 tall). MEASURED fingerprint identical to 13006:286299 (270 / 54) - one cut at two crops. FRAME DEFECT recorded, not built: prints 'Image - max 15mb' / 'Video - max 30mb'; the upload rail (get-asset-upload-url) refuses anything over 8MB and Casey ruled the cap stays.
13006:284353	partial	src/pages/LaunchpadCreate.tsx	/launchpad/create	create token 375 above the fold. MEASURED 261 nodes / 52 texts, ramp 12x31 14x20 20x1. FRAME DEFECT recorded, not built: prints 'Image - max 15mb' / 'Video - max 30mb'; the upload rail (get-asset-upload-url) refuses anything over 8MB and Casey ruled the cap stays.
13006:285189	partial	src/pages/LaunchpadCreate.tsx	/launchpad/create	create token 375 full scroll (2300 tall). MEASURED 261 nodes / 52 texts - same as the 812 crop. FRAME DEFECT recorded, not built: prints 'Image - max 15mb' / 'Video - max 30mb'; the upload rail (get-asset-upload-url) refuses anything over 8MB and Casey ruled the cap stays.
13006:285448	partial	src/pages/LaunchpadCreate.tsx	/launchpad/create	create token 375 full scroll, twin. MEASURED 263 nodes / 50 texts against 13006:285189's 261 / 52 - near-identical, not identical. FRAME DEFECT recorded, not built: prints 'Image - max 15mb' / 'Video - max 30mb'; the upload rail (get-asset-upload-url) refuses anything over 8MB and Casey ruled the cap stays.
13006:147876	partial	src/pages/LaunchpadCreate.tsx	/launchpad/create	create token > buy test 1440. MEASURED 434 nodes / 79 texts, ramp 16x25 14x23 12x14 11x11 18x4, and a 20/40/20/40 padding node (the modal's CTA row). Code-side NOT compared. FRAME DEFECT recorded, not built: prints 'Image - max 15mb' / 'Video - max 30mb'; the upload rail (get-asset-upload-url) refuses anything over 8MB and Casey ruled the cap stays.
13006:286595	partial	src/pages/LaunchpadCreate.tsx	/launchpad/create	buy test 768. MEASURED 322 nodes / 66 texts, ramp 14x34 12x25 10x5; modal pad node 16/24/16/24. FRAME DEFECT recorded, not built: prints 'Image - max 15mb' / 'Video - max 30mb'; the upload rail (get-asset-upload-url) refuses anything over 8MB and Casey ruled the cap stays.
13006:284880	partial	src/pages/LaunchpadCreate.tsx	/launchpad/create	buy test 375. MEASURED 313 nodes / 64 texts, ramp 12x34 14x23 10x5; modal pad node 14/16/14/16. FRAME DEFECT recorded, not built: prints 'Image - max 15mb' / 'Video - max 30mb'; the upload rail (get-asset-upload-url) refuses anything over 8MB and Casey ruled the cap stays.
13006:286941	partial	src/components/launchpad/create/TokenPreviewPanel.tsx	/launchpad/create	create token > preview 768. MEASURED 278 nodes / 55 texts against the base create-token 768's 270 / 54 - the overlay is an 8-node delta. FRAME DEFECT recorded, not built: prints 'Image - max 15mb' / 'Video - max 30mb'; the upload rail (get-asset-upload-url) refuses anything over 8MB and Casey ruled the cap stays.
13006:284612	partial	src/components/launchpad/create/TokenPreviewPanel.tsx	/launchpad/create	create token > preview 375. MEASURED 269 nodes / 53 texts against the base 375's 261 / 52. FRAME DEFECT recorded, not built: prints 'Image - max 15mb' / 'Video - max 30mb'; the upload rail (get-asset-upload-url) refuses anything over 8MB and Casey ruled the cap stays.
13006:198914	partial	src/components/trench-redesign/charity/CharityAllocationCard.tsx	/trench	Charity popover 1440. MEASURED 220x152, padding node 10/10/10/10, radii 1/4/9999 with NO 12 on the outer frame (rootRadius 0), text 11x5 + 12x2. Code: rounded-[12px] px-2.5 py-2.5 bg-[#122524] - padding and fill MATCH, radius follows the 768/375 frames (r12) over this one, heading skai-label-1=14 vs the frame's 12, body skai-label-2=12 vs the frame's 11.
13006:347553	partial	src/components/trench-redesign/charity/CharityAllocationCard.tsx	/trench	Charity popover 768. MEASURED 220x152, rootRadius 12 (so the 1440 twin's 0 is Figma-internal drift), pad 10, text 10x5 + 12x2. Code body skai-label-2 = 12 against the frame's 10; heading 14 against 12. Radius/padding/fill MATCH.
13006:348426	partial	src/components/trench-redesign/charity/CharityAllocationCard.tsx	/trench	Charity popover 375. MEASURED identical to the 768 node (220x152, r12, pad 10, 10x5 + 12x2). Same type gap.
13006:252907	partial	src/components/trench-redesign/trade/AlphaTrackerModal.tsx	/trench	Alpha Tracker 1440. MEASURED 432x704, 282 nodes / 50 texts, text 11x30 + 12x19 + 18x1. FIXED THIS LANE: the panel was max-w-xl = 576px, 144px wider than the frame; now max-w-[432px], pinned by test. STILL PARTIAL on type: code paints skai-label-1(14) / skai-label-2(12) / skai-number-2(16) where the frame's dense rows are 11 and 12.
13006:348162	partial	src/components/trench-redesign/trade/AlphaTrackerModal.tsx	/trench	Alpha Tracker 768. MEASURED 432x704, rootRadius 12, text 10x29 + 12x19. Width fixed with its 1440 sibling. Type gap widens here - the frame's dense rows are 10 where code paints 12 and 14.
13006:349035	partial	src/components/trench-redesign/trade/AlphaTrackerModal.tsx	/trench	Alpha Tracker 375. MEASURED 354x704 - the panel DOES narrow at the phone, and 354 is the same width every dialog on this surface uses. Code lands 343 via DialogContent's w-[calc(100%-2rem)], an 11px inset gap reported rather than patched. Type gap as per the 768 node.
13006:253481	partial	src/components/trench-redesign/trade/OrderPanel.tsx	/crypto/:symbol	Instant trade - stacked. MEASURED 432x416, 183 nodes / 44 texts, ramp 12x24 14x19 11x1, radii 12x16, and a 8/40/8/40 CTA padding node. FRAME DEFECT recorded, not built: the balance line reads '0 inikky'. Also carries a SOL/USDC/SKAI currency row - SKAI is unlaunched, so the chip is template artwork, not a shippable option.
13006:155623	furniture	-	-	Notes - FigJam-style sticky, empty widgetSyncedState. Not spec; excluded from the parity denominator per SCHEMA.md Status semantics.
13006:155647	furniture	-	-	Notes - FigJam-style sticky, empty widgetSyncedState. Not spec; excluded from the parity denominator per SCHEMA.md Status semantics.
13006:195422	furniture	-	-	CTA/button - loose INSTANCE of the shared CTA/button primitive dropped on canvas - MEASURED 144x34, r8, pad 8/40/8/40, gap 8, one 14px label 'Remove all'. Not spec; excluded from the parity denominator per SCHEMA.md Status semantics.
13006:198774	furniture	-	-	icons/action - stray fragment of the shared icons/action component - MEASURED 38x12, one 8px SemiBold label '100%'. Not spec; excluded from the parity denominator per SCHEMA.md Status semantics.
13006:236023	furniture	-	-	Unrecommended edit - a rejected alternative its own author labelled unrecommended. Not spec; excluded from the parity denominator per SCHEMA.md Status semantics.
13006:247576	furniture	-	-	Hover and clicks - annotation overlay marking hover/click targets on the trade rail - a spec diagram, not a build. Not spec; excluded from the parity denominator per SCHEMA.md Status semantics.
13006:250420	furniture	-	-	Breakpoint - canvas breakpoint ruler. Not spec; excluded from the parity denominator per SCHEMA.md Status semantics.
13006:250422	furniture	-	-	Breakpoint - canvas breakpoint ruler. Not spec; excluded from the parity denominator per SCHEMA.md Status semantics.
13006:250424	furniture	-	-	Breakpoint - canvas breakpoint ruler. Not spec; excluded from the parity denominator per SCHEMA.md Status semantics.
13006:250426	furniture	-	-	Breakpoint - canvas breakpoint ruler. Not spec; excluded from the parity denominator per SCHEMA.md Status semantics.
13006:250428	furniture	-	-	Breakpoint - canvas breakpoint ruler. Not spec; excluded from the parity denominator per SCHEMA.md Status semantics.
13006:250430	furniture	-	-	Directory - section directory header with review dates. Not spec; excluded from the parity denominator per SCHEMA.md Status semantics.
13006:250435	furniture	-	-	Directory - section directory header with review dates. Not spec; excluded from the parity denominator per SCHEMA.md Status semantics.
13006:250440	furniture	-	-	Directory - section directory header with review dates. Not spec; excluded from the parity denominator per SCHEMA.md Status semantics.
13006:250445	furniture	-	-	Rectangle 160 - solid-fill section cover block at y=0. Not spec; excluded from the parity denominator per SCHEMA.md Status semantics.
13006:250446	furniture	-	-	Rectangle 159 - solid-fill section cover block at y=0. Not spec; excluded from the parity denominator per SCHEMA.md Status semantics.
13006:250447	furniture	-	-	Rectangle 158 - solid-fill section cover block at y=0. Not spec; excluded from the parity denominator per SCHEMA.md Status semantics.
13006:252033	furniture	-	-	Notes - FigJam-style sticky. Not spec; excluded from the parity denominator per SCHEMA.md Status semantics.
13006:252057	furniture	-	-	Notes - FigJam-style sticky. Not spec; excluded from the parity denominator per SCHEMA.md Status semantics.
13006:252097	furniture	-	-	Notes - FigJam-style sticky. Not spec; excluded from the parity denominator per SCHEMA.md Status semantics.
13006:252121	furniture	-	-	Notes - FigJam-style sticky. Not spec; excluded from the parity denominator per SCHEMA.md Status semantics.
13006:252145	furniture	-	-	Notes - FigJam-style sticky. Not spec; excluded from the parity denominator per SCHEMA.md Status semantics.
13006:252169	furniture	-	-	Notes - FigJam-style sticky. Not spec; excluded from the parity denominator per SCHEMA.md Status semantics.
13006:252193	furniture	-	-	Notes - FigJam-style sticky. Not spec; excluded from the parity denominator per SCHEMA.md Status semantics.
13006:252217	furniture	-	-	Rectangle 163 - solid-fill section cover block at y=0. Not spec; excluded from the parity denominator per SCHEMA.md Status semantics.
13006:252218	furniture	-	-	Rectangle 165 - solid-fill section cover block at y=0. Not spec; excluded from the parity denominator per SCHEMA.md Status semantics.
13006:252219	furniture	-	-	Rectangle 166 - solid-fill section cover block at y=0. Not spec; excluded from the parity denominator per SCHEMA.md Status semantics.
13006:252843	furniture	-	-	Notes - FigJam-style sticky. Not spec; excluded from the parity denominator per SCHEMA.md Status semantics.
13006:252867	furniture	-	-	Notes - FigJam-style sticky. Not spec; excluded from the parity denominator per SCHEMA.md Status semantics.
13006:253646	furniture	-	-	Notes - FigJam-style sticky. Not spec; excluded from the parity denominator per SCHEMA.md Status semantics.
13006:263042	furniture	-	-	Breakpoint - canvas breakpoint ruler. Not spec; excluded from the parity denominator per SCHEMA.md Status semantics.
13006:263044	furniture	-	-	Breakpoint - canvas breakpoint ruler. Not spec; excluded from the parity denominator per SCHEMA.md Status semantics.
13006:284217	furniture	-	-	Breakpoint - canvas breakpoint ruler. Not spec; excluded from the parity denominator per SCHEMA.md Status semantics.
13006:284219	furniture	-	-	Breakpoint - canvas breakpoint ruler. Not spec; excluded from the parity denominator per SCHEMA.md Status semantics.
13006:294291	furniture	-	-	icons/action - stray 16x16 fragment of the shared icons/action component, no text. Not spec; excluded from the parity denominator per SCHEMA.md Status semantics.
13006:169068	furniture	-	-	Frame 1358 - a full-width RE-CROP of a table already catalogued as a screen row (Discover > Trending table, mobile 375 crop). Duplicate of screen content, not separate work; excluded from the parity denominator so one table is not counted twice.
13006:169857	furniture	-	-	Frame 1360 - a full-width RE-CROP of a table already catalogued as a screen row (Discover > Top table, mobile 375 crop). Duplicate of screen content, not separate work; excluded from the parity denominator so one table is not counted twice.
13006:170646	furniture	-	-	Frame 1367 - a full-width RE-CROP of a table already catalogued as a screen row (Discover > Top table, tablet 768 crop). Duplicate of screen content, not separate work; excluded from the parity denominator so one table is not counted twice.
13006:171435	furniture	-	-	Frame 1371 - a full-width RE-CROP of a table already catalogued as a screen row (Discover > Trending table, tablet 768 crop). Duplicate of screen content, not separate work; excluded from the parity denominator so one table is not counted twice.
13006:172224	furniture	-	-	Frame 1368 - a full-width RE-CROP of a table already catalogued as a screen row (Discover > DEX Scanner table, tablet 768 crop). Duplicate of screen content, not separate work; excluded from the parity denominator so one table is not counted twice.
13006:172747	furniture	-	-	Frame 1359 - a full-width RE-CROP of a table already catalogued as a screen row (Discover > DEX Scanner table, mobile 375 crop). Duplicate of screen content, not separate work; excluded from the parity denominator so one table is not counted twice.
13006:183297	furniture	-	-	Frame 1361 - a full-width RE-CROP of a table already catalogued as a screen row (Trackers > Live trades table, mobile 375 crop). Duplicate of screen content, not separate work; excluded from the parity denominator so one table is not counted twice.
13006:233145	furniture	-	-	Frame 1373 - a full-width RE-CROP of a table already catalogued as a screen row (Tables > Dev tokens, mobile 375 crop). Duplicate of screen content, not separate work; excluded from the parity denominator so one table is not counted twice.
13006:233224	furniture	-	-	Frame 1363 - a full-width RE-CROP of a table already catalogued as a screen row (Tables > Dev tokens, tablet 768 crop). Duplicate of screen content, not separate work; excluded from the parity denominator so one table is not counted twice.
13006:299604	furniture	-	-	Frame 1374 - a full-width RE-CROP of a table already catalogued as a screen row (Tables > Holders, mobile 375 crop). Duplicate of screen content, not separate work; excluded from the parity denominator so one table is not counted twice.
13006:300408	furniture	-	-	Frame 1364 - a full-width RE-CROP of a table already catalogued as a screen row (Tables > Holders, tablet 768 crop). Duplicate of screen content, not separate work; excluded from the parity denominator so one table is not counted twice.
13006:301004	furniture	-	-	Frame 1366 - a full-width RE-CROP of a table already catalogued as a screen row (Tables > Top holders, tablet 768 crop). Duplicate of screen content, not separate work; excluded from the parity denominator so one table is not counted twice.
13006:302319	furniture	-	-	Frame 1372 - a full-width RE-CROP of a table already catalogued as a screen row (Tables > Top holders, mobile 375 crop). Duplicate of screen content, not separate work; excluded from the parity denominator so one table is not counted twice.
13006:322042	furniture	-	-	Frame 270 - a full-width RE-CROP of a table already catalogued as a screen row (Trackers > Wallet manager table, mobile 375 crop). Duplicate of screen content, not separate work; excluded from the parity denominator so one table is not counted twice.
13006:322144	furniture	-	-	Frame 429 - a full-width RE-CROP of a table already catalogued as a screen row (Trackers > KOLs table, mobile 375 crop). Duplicate of screen content, not separate work; excluded from the parity denominator so one table is not counted twice.
