Social > Groups > View group (768)	partial	src/components/social/TradingGroupProfile.tsx	/trading-groups/:groupId	node 11400-91695 (768x1083). Tabs + owner chrome ship. The ~350px group-info RIGHT RAIL the frame draws (Market cap / Community token / Member requests) is still absent: only the third card has a source. No group market-cap feed, no group token-holder count, SKAI unlaunched.
Social > Groups > View group > Adjust settings (768)	done	src/components/social/GroupFormSheet.tsx	/trading-groups/:groupId	node 11400-92142. showSettings entry points at TradingGroupProfile.tsx:604 and :645; GroupFormSheet is the real form (CreateTradingGroupDialog.tsx is a 2.5KB shim).
Social > Groups > Members - with requests (708)	done	src/components/social/JoinRequestList.tsx	/trading-groups/:groupId	node 11400-91347. Statistics/Members/Rules, search, Recent sort, then Requested-to-join rows with Accept/Reject above the member rows with Follow/Block/Remove. JoinRequestList mounted TradingGroupProfile.tsx:1017, MemberList at :965. Backed by trading_group_join_requests (migration 20260826120000).
Social > Groups > View group (375)	partial	src/components/social/TradingGroupProfile.tsx	/trading-groups/:groupId	node 11398-83498 (375x1442). Same right-rail gap as the 768 twin. Narrow group-cell geometry (34px avatar, 8px gap, tag inline on the name line) shipped 2026-08-26 by the groups lane.
Social > Groups > Members - with requests (375)	done	src/components/social/JoinRequestList.tsx	/trading-groups/:groupId	node 11526-289885 (343x670). Mobile cut of 11400-91347. Same components.
Social > Groups > View group (375, short)	partial	src/components/social/TradingGroupProfile.tsx	/trading-groups/:groupId	node 11398-84195 (375x1052). Second 375 cut of the same screen. NOT diffed against 11398-83498 this lane — carried forward as unresolved rather than assumed a duplicate.
Social > Groups > View group > Adjust settings (375)	done	src/components/social/GroupFormSheet.tsx	/trading-groups/:groupId	node 11398-84777. Same sheet at 375.
Social > Groups > Create group right menu (359x880)	partial	src/components/social/GroupFormSheet.tsx	/trading-groups	node 11398-81312. IDENTIFIED BY ARTWORK: this is the CREATE GROUP sheet, not the group-info rail. Public/Invite only/Token gated + Visible statistics. Live form is GroupFormSheet; the SocialRightMenu shell built for these frames has no non-test importer.
Social > Groups > Create group right menu (359x1320)	partial	src/components/social/GroupFormSheet.tsx	/trading-groups	node 11398-81450. Token-gated expansion: Select entry token / Create my token / SKAI (default) / Entry token amount 88 SKAI / 1-2 / 2X / 10X, plus Rules. The deposit-a-fee wording is WITHHELD in code on purpose: trading_group_access_rules stores a holding threshold, not a price.
Social > Groups - search (375)	done	src/pages/social/groups/GroupsSearchTable.tsx	/trading-groups	node 11396-76652 (375x1281). All-groups list at 375.
Social > Groups - search 1VH (375)	done	src/pages/social/groups/GroupsSearchTable.tsx	/trading-groups	node 11526-288877. The frame the groups lane measured the 34px avatar / 8px gap / inline tag from. Shipped 2026-08-26.
Social > Groups - search > Discover (768)	done	src/pages/social/groups/GroupsSearchTable.tsx	/trading-groups	node 11398-86869. Discover tab backed by discoverEligibleGroups with token-holding eligibility.
Social > Groups - search > Discover > Join gated group (768)	partial	src/components/social/TradingGroupProfile.tsx	/trading-groups	node 11398-87644. Token-gated join flow exists end to end. The frame's "Deposit a one time fee of 88 SKAI" is a payment the product cannot take — no fee column, no treasury row, no payment call; addMember only checks a balance. Deliberately not built.
Social > Groups - search > Created (768)	partial	src/pages/social/groups/GroupsSearchTable.tsx	/trading-groups	node 11398-87282. Created tab exists (TradingGroups.tsx:591, my_role === owner). The frame's Token req. column is still unrendered: getMyTradingGroups carries no access_rules and neither enrichment feed carries rules for a group the viewer owns. Needs a rules-carrying read.
Social > Groups - search - empty (768)	done	src/pages/social/groups/GroupsSearchTable.tsx	/trading-groups	node 11398-86245. 249px body, 12px inset, 56/56 equal gaps — measured and shipped per-layout 2026-08-26. Frame 297 boilerplate ("Add SKAI from your wallet to your vault") is NOT groups copy and is correctly not built.
Social > Groups - search - empty > Create group (768)	done	src/components/social/GroupFormSheet.tsx	/trading-groups	node 11398-88883.
Social > Groups - search (768)	done	src/pages/social/groups/GroupsSearchTable.tsx	/trading-groups	node 11398-85878 (768x1084).
Social > Groups - search 1VH (768)	done	src/pages/social/groups/GroupsSearchTable.tsx	/trading-groups	node 11530-304239.
Social > Messages - empty 1VH (768)	done	src/pages/social/Messages.tsx	/messages	node 11341-86042. One pane at 768 — the split is pinned to lg (1024) across Messages.tsx, ConversationList.tsx and ConversationHeader.tsx by socialResponsiveContract.test.ts Rule 1. ⚠️ FRAME DEFECT, DO NOT TRANSCRIBE: node 11381:26254 draws a visible "end-to-end encrypted" pill above the empty state. We do not perform E2E encryption — the message key is PBKDF2 over two PUBLIC wallet addresses plus a salt shipped in our own bundle. Banned by the encryptionClaimHonesty guard, which now readdirSync-walks all of src/. Also "Start a new converation" is misspelt in the frame.
Social > Messages 1VH (768)	done	src/pages/social/Messages.tsx	/messages	node 11381-26920.
Social > Messages > Sample Conversation > Groups 1VH (768)	done	src/pages/social/messages/ConversationList.tsx	/messages	node 11387-72789. All/Unread/Personal/Groups filter at ConversationList.tsx:207-263, backed by conversationFilter.ts:47. Distinct from the user-created folder chips at :333-359.
Social > Messages > Message requests 1VH (768)	done	src/components/messaging/MessageRequestsSurface.tsx	/messages	node 11387-73334. Accept and Delete wired; Block renders explicitly disabled because no block writer exists.
Social > Messages > Sample Conversation 1VH (768)	done	src/pages/social/messages/MessageThread.tsx	/messages/:conversationId	node 11385-27845. One of the three frames Rule 1 cites for the single-pane 768 layout.
Social > Messages > Dropdown options 1VH (768)	partial	src/components/messages/MessageBubble.tsx	/messages/:conversationId	node 11387-72046. Every action exists (reply/forward/select/star/pin/copy/edit/delete at MessageBubble.tsx:1725-1876) but the only trigger is a right-click ContextMenu at :1333-1334. No DropdownMenu/MoreHorizontal import anywhere in the file. On touch there is NO visible affordance — worse at 375/768 than at 1440.
Social > Messages - Sample conversation (768)	done	src/pages/social/messages/MessageThread.tsx	/messages/:conversationId	node 11385-28161 (768x1750).
Social > Messages > Sample Conversation 1VH (768)	done	src/pages/social/messages/MessageThread.tsx	/messages/:conversationId	node 11387-29051. Second 1VH cut, not visually diffed against 11385-27845 this lane.
Social > Messages > Sample Conversation > attachment 1VH	done	src/components/messages/MessageAttachmentTray.tsx	/messages/:conversationId	node 11530-303909. ⚠️ TITLE LIES: titled (1440 x 900px), measures 768x1024. Trust the geometry. MessageAttachmentTray.tsx cites this node and has a figma test.
Social > Messages > Unread messages 1VH (768)	partial	src/components/messages/ConversationItem.tsx	/messages	node 11387-72346. Badge side done. The IN-THREAD unread divider still does not exist; nothing computes a first-unread index. MessageThread.tsx:259-266 is the archived/current rule, a different thing.
Social > Messages > Chat settings 1VH (768)	done	src/components/messages/MessagingSettingsSheet.tsx	/messages/:conversationId	node 11387-73630.
Social > Messages > Unread messages 1VH (768)	partial	src/components/messages/ConversationItem.tsx	/messages	node 11387-74491. Second cut of 11387-72346, not diffed this lane.
Social > Messages > Message requests > Sample message 1VH (768)	done	src/components/messaging/MessageRequestsSurface.tsx	/messages	node 11387-74043. List-plus-detail surface mounted at MessageDialogs.tsx:144-161.
Social > Messages > Sample Conversation - scroll effect 1VH (768)	done	src/pages/social/messages/MessageThread.tsx	/messages/:conversationId	node 11387-28789. Named in socialResponsiveContract.test.ts Rule 1 as one of the three 768 redraws that draw ONE pane.
Social > Messages > multi-select / profile 1VH (768)	partial	src/pages/social/messages/MessageDialogs.tsx	/messages/:conversationId	node 11387-70777. Multi-select done. The profile half is still a centred Dialog (MessageDialogs.tsx:310-364), not the side panel the frame draws — and at 375/768 a centred dialog is a materially different interaction from a slide-in panel.
Social > Messages > Disappearing message options 1VH (768)	not-started	—	—	node 11387-71039. Re-searched src/ for disappearing/self_destruct/ephemeral/auto_delete/expire_after: every hit is React Query GC, GDPR retention, the EVM SELFDESTRUCT label, or ECDH ephemeral key material. Nothing in MessagingSettingsSheet.tsx.
Social > Messages > Block screenshots 1VH (768)	not-started	—	—	node 11387-71301. No screenshot/block_screenshot control in src/ or modules/skai-ui/src. Every hit is bug-report attachment upload.
Social > Messages (768)	done	src/pages/social/Messages.tsx	/messages	node 11385-27529 (768x1124).
Social > Messages - empty 1VH (768)	done	src/pages/social/Messages.tsx	/messages	node 11381-26299. ★ NOT a duplicate of 11341-86042 and it does NOT carry the encryption pill — probed by artwork, its text set is "No messages yet" / "You don't have any conversations, Message someone to start something new." against the other frame's "Start a new converation" / "Compose a message to start something new." / "Send message". Two distinct empty states, only one of which is defective.
Social > sidebar - open casino (296x812)	partial	src/components/layout/LeftSidebar.tsx	—	node 11341-86906. Nav furniture. The live left nav is LeftSidebar.tsx; src/components/social/SocialSidebar.tsx (20.5KB, built to these frames, with SocialSidebar.drawer.figma.test.tsx) has NO non-test, non-barrel importer. Two shells, one live — a design call, not build work.
Social > sidebar - open casino (318x1024)	partial	src/components/layout/LeftSidebar.tsx	—	node 11341-87042. Same as 11341-86906 at the tablet width.
Social > sidebar - open casino (296x812)	partial	src/components/layout/LeftSidebar.tsx	—	node 11530-301774. Duplicate cut.
Social > sidebar - open casino (318x1024)	partial	src/components/layout/LeftSidebar.tsx	—	node 11530-301872. Duplicate cut.
Social > Groups > Create group right menu - token gated + rules (442)	partial	src/components/social/GroupFormSheet.tsx	/trading-groups	node 11398-88650 (442x1460). Widest cut of the create-group sheet. ⚠️ The body copy under Access type / Visible statistics / Rules reads "Skai selects the best slippage for your swap…" — SWAP boilerplate left over from the frame this was duplicated from. Do NOT transcribe it, same class as Frame 297 on the empty-groups frame.
Social > Live (768)	done	src/components/streaming/LiveStreamsBrowser.tsx	/streaming	node 11410-138568 (768x1950). Browse grid with category rows. STREAMING_PUBLIC is enabled=true rollout=100 in prod, so normal users reach this.
Social > Live 1VH (768)	done	src/components/streaming/LiveStreamsBrowser.tsx	/streaming	node 11526-290681.
Social > Live > Sample stream (768)	done	src/components/streaming/IVSPlayer.tsx	/streaming/:streamId	node 11477-236128 (768x2036). Watch page.
Social > Live > Sample stream > Stream viewers (768)	done	src/components/streaming/StreamViewersPanel.tsx	/streaming/:streamId	node 11529-298704. useStreamViewers.ts distinguishes RLS-withheld rows from a genuinely empty list rather than showing 0.
Social > Live > Multi-panel - live chat (708x396)	done	src/components/streaming/StreamChat.tsx	/streaming/:streamId	node 11529-292610. The base (no rewards) state. StreamRewardsTicker renders nothing when the derived event list is empty, so "with rewards" is a data state, not a variant.
Social > Live > Multi-panel - live chat (708x404)	done	src/components/streaming/StreamChat.tsx	/streaming/:streamId	node 11529-292890. Hovered-row action bar. React and Report render ONLY when a handler is supplied and nothing supplies one: stream_chat has no reactions column and moderation_cases is the Discord bot's action log. Correctly absent, not missing.
Social > Live > Multi-panel - live chat - with rewards (708x436)	done	src/components/streaming/StreamRewardsTicker.tsx	/streaming/:streamId	node 11529-292425. Gift strip derived from the messages already in props (StreamChat.tsx:370) — no second read, no second rewards surface.
Social > Live > Sample stream 1VH (768)	done	src/components/streaming/IVSPlayer.tsx	/streaming/:streamId	node 11477-238522.
Social > Live > Sample stream > Chat settings 1VH (768)	done	src/components/streaming/StreamChatSettingsPanel.tsx	/streaming/:streamId	node 11529-293878.
Social > Live > stream manager - guests expanded 1VH (768)	not-started	—	/streaming/:streamId	node 11477-254411. Draws a Guests panel (3 guests, Invite guests, per-row Remove) beside an Activity feed. No StreamManager component exists; the pieces are scattered inline across Streaming.tsx. Guests needs IVS Stages — repo-wide search for IVSStage/createStage/StageParticipant returns nothing and only the broadcast SDK is loaded.
Social > Live > stream manager - activity feed expanded (768)	not-started	—	/streaming/:streamId	node 11477-257758 (768x1190). Activity feed rows: Followed you / Gifted +200 SKAI / Gifted +5 SOL / Invited you to group / Added you to favorites. Follows are unwritable (stream_notifications has SELECT policies only), favourites have no model, group invites do, donations do. ⚠️ "+5 SOL" is a template leftover — SOL is not a Skai currency.
Social > Live > stream manager > invite guests 1VH (768)	not-started	—	/streaming/:streamId	node 11477-255979. Co-host invite. No IVS Stages SDK anywhere.
Social > Live > Go live 1VH (768)	done	src/components/streaming/LiveStreamsBrowser.tsx	/streaming	node 11477-245788. GoLiveModal is the entry; handleStartStream is the only reachable startStream caller in the app.
Social > Live > Go live > Terms and conditions - Agree (375)	done	src/components/legal/StreamingTermsGate.tsx	/streaming	node 11481-269077 (354x518). ★ FIXED THIS LANE — MOUNTED. The gate, its service, its migration and 34 tests were all written 2026-08-20 and imported by NOTHING for six days. The stated blocker (migration 20260820201500 unapplied, so every acceptance write failed) is CLEARED: probed at the object 2026-08-26, both the CHECK constraint and legal_acceptances_insert_own WITH CHECK carry 'streaming'. Now gates LiveStreamsBrowser.handleStartStream.
Social > Live > Go live > setup stream 1VH (768)	done	src/components/streaming/IVSBroadcasterV2.tsx	/streaming/:streamId	node 11477-247775. Auto-provisioned channel plus the Skai studio compositor.
Social > Live > Go live > setup stream > select thumbnail 1VH (768)	partial	src/components/streaming/StreamThumbnailPicker.tsx	/streaming/:streamId	node 11477-249372. Picker exists and is mounted at IVSBroadcasterV2.tsx:2128 but SHIPS INERT: isManualThumbnailSupported() probes for a live_streams column whose migration is still in supabase/migrations/_proposed/20260821_live_streams_manual_thumbnail.sql. Auto-capture still overwrites every 30s.
Social > Live > Go live > setup stream > OBS 1VH (768)	done	src/components/streaming/IVSBroadcasterV2.tsx	/streaming/:streamId	node 11477-250868. Server URL, masked stream key with copy, step-by-step.
Social > Live > Go live > starting stream 1VH (768)	done	src/components/streaming/IVSBroadcasterV2.tsx	/streaming/:streamId	node 11477-252566. Guarded by a screen-or-camera-layer check.
Social > Live > Stream states - stream ended (676x392)	done	src/components/streaming/StreamEndedState.tsx	/streaming/:streamId	node 11477-254210. Mounted at Streaming.tsx:1080 on status === "ended".
Social > Live > Go live > Terms and conditions - Agree (768)	done	src/components/legal/StreamingTermsGate.tsx	/streaming	node 11477-247744 (448x498). ★ FIXED THIS LANE — the md: half of the same modal. Copy transcribed verbatim into streamingTermsService.STREAMING_TERMS_SECTIONS with a doc_version stamp. ⚠️ ESCALATION: both frames say "the prohibitions outlined below" / "the following content are strictly prohibited" and NO LIST FOLLOWS, in either frame or in src/pages/help/Terms.tsx. Casey's copy call.
Social > Live > Sample stream 1VH (768, tall)	done	src/components/streaming/IVSPlayer.tsx	/streaming/:streamId	node 11477-243654 (768x1417).
Social > Live > Multi-panel - live chat > Gift streamer (708x662)	done	src/components/streaming/DonationPanel.tsx	/streaming/:streamId	node 11529-292728. The "Gift streamer" pill is a SLOT on StreamChat, not a built-in button, so it cannot exist without the real donation flow behind it. Wired at Streaming.tsx:855-861 and gated on settings.allow_donations.
Social > Live > Sample stream > Share stream 1VH (768)	done	src/components/streaming/StreamPanelFooter.tsx	/streaming/:streamId	node 11477-241691. ★ FIXED THIS LANE. See node 11477-243256.
Social > Live > Sample stream 1VH (768)	done	src/components/streaming/IVSPlayer.tsx	/streaming/:streamId	node 11477-240087.
Social > Live > Stream panel - followed (708x474)	done	src/components/streaming/StreamPanelFooter.tsx	/streaming/:streamId	node 11477-243256. ★ FIXED THIS LANE — MOUNTED at Streaming.tsx under the player. StreamPanelFooter was written 2026-08-20 against this exact node and 11529-293050 and had ZERO importers. It is the fix for the standing "no share control on a real IVS stream" gap (catalog node 10094-244396): IVSPlayer has no share affordance and the only other Share sits in the viewers rail, which defaults to chat. FOLLOW IS ALSO NOW LIVE — the component's "stream_notifications has SELECT policies only" blocker is stale; re-probed 2026-08-26 it carries sn_insert_own / sn_update_own / sn_delete_own scoped to user_id = auth.uid(). Notify stays disabled with its OWN reason: no service function flips notify_on_live alone.
Social > Live > Stream type modal 1VH (768)	not-started	—	/streaming	node 11442-160938. Stream-type chooser does not exist. GoLiveModal.tsx has zero matches for RadioGroup/streamType/OBS/Webcam. Source selection exists only AFTER the modal, as independent studio layer toggles at IVSBroadcasterV2.tsx:1756-1800 — a different interaction.
Social > Live (375)	done	src/components/streaming/LiveStreamsBrowser.tsx	/streaming	node 11410-139136 (375x1431).
Social > Live > Stream type modal 1VH (375)	not-started	—	/streaming	node 11438-159797. Same as 11442-160938 at 375.
Social > Live 1VH (375)	done	src/components/streaming/LiveStreamsBrowser.tsx	/streaming	node 11442-162043.
Social > Live > Sample stream 1VH (375)	done	src/components/streaming/IVSPlayer.tsx	/streaming/:streamId	node 11481-261891.
Social > Live > Sample stream > Chat settings 1VH (375)	done	src/components/streaming/StreamChatSettingsPanel.tsx	/streaming/:streamId	node 11529-297447.
Social > Live > Multi-panel - live chat (343x414)	done	src/components/streaming/StreamChat.tsx	/streaming/:streamId	node 11529-293126. Mobile cut; the hovered-row action bar has no touch equivalent, which is the same class of gap as the Messages dropdown.
Social > Live > Multi-panel - live chat (343x406)	done	src/components/streaming/StreamChat.tsx	/streaming/:streamId	node 11529-293265. Mobile base state.
Social > Live > Multi-panel - live chat - with rewards (343x446)	done	src/components/streaming/StreamRewardsTicker.tsx	/streaming/:streamId	node 11529-293404.
Social > Live > stream manager > invite guests 1VH (375)	not-started	—	/streaming/:streamId	node 11481-284085. See 11477-255979.
Social > Live > stream manager - guests expanded 1VH (375)	not-started	—	/streaming/:streamId	node 11481-280102 (375x939). See 11477-254411.
Social > Live > stream manager - activity feed expanded (375)	not-started	—	/streaming/:streamId	node 11481-282550 (375x1008). See 11477-257758.
Social > Live > Go live 1VH (375)	done	src/components/streaming/LiveStreamsBrowser.tsx	/streaming	node 11481-273266.
Social > Live > Go live > setup stream 1VH (375)	done	src/components/streaming/IVSBroadcasterV2.tsx	/streaming/:streamId	node 11481-274581.
Social > Live > Go live > setup stream > select thumbnail 1VH (375)	partial	src/components/streaming/StreamThumbnailPicker.tsx	/streaming/:streamId	node 11481-275802. Inert for the same unapplied migration as 11477-249372.
Social > Live > Go live > setup stream > OBS 1VH (375)	done	src/components/streaming/IVSBroadcasterV2.tsx	/streaming/:streamId	node 11481-277023.
Social > Live > Go live > starting stream 1VH (375)	done	src/components/streaming/IVSBroadcasterV2.tsx	/streaming/:streamId	node 11481-278244.
Social > Live > Stream states - stream ended (319x200)	done	src/components/streaming/StreamEndedState.tsx	/streaming/:streamId	node 11481-279749. Mobile cut.
Social > Live > Sample stream > Share stream 1VH (375)	done	src/components/streaming/StreamPanelFooter.tsx	/streaming/:streamId	node 11481-265530. ★ FIXED THIS LANE. Two-row footer at 375: [Notify] on row 1, [Copy][Followed][Share] on row 2.
Social > Live > Sample stream (375)	done	src/components/streaming/IVSPlayer.tsx	/streaming/:streamId	node 11481-266994 (375x1243).
Social > Live > Multi-panel - live chat > Gift streamer (343x644)	done	src/components/streaming/DonationPanel.tsx	/streaming/:streamId	node 11529-293522. Mobile cut of the tip sheet.
Social > Live > Sample stream 1VH (375)	done	src/components/streaming/IVSPlayer.tsx	/streaming/:streamId	node 11481-264273.
Social > Live > Stream panel - followed (343x320)	done	src/components/streaming/StreamPanelFooter.tsx	/streaming/:streamId	node 11529-293050. ★ FIXED THIS LANE — the 375 layout StreamPanelFooter was measured against (footer 319x82, two rows: [Notify] on row 1, [Copy][Followed][Share] on row 2). Mounted with 11477-243256, Follow wired, Notify disabled with its own reason.
Social > Live > Sample stream (375, tall)	done	src/components/streaming/IVSPlayer.tsx	/streaming/:streamId	node 11481-262931 (375x1628).
Social > Live > Sample stream > Stream viewers (375)	done	src/components/streaming/StreamViewersPanel.tsx	/streaming/:streamId	node 11529-300393 (375x1220).
Social > dropdown-story tile (250x130)	not-started	—	—	node 11407-148276. Download story / Report story / Block user @X. Stories have no entity anywhere in src/ — re-searched createStory/StoryUpload/StoryRing/StoryViewer, only unrelated hits. Also needs a report sink and a block writer, neither of which exists.
Social > dropdown-story view (250x130)	not-started	—	—	node 11407-148320. Follow user / Report user / Block user. Same three missing sinks.
Social > dropdown-story tile (220x124)	not-started	—	—	node 11530-302963. Duplicate cut.
Social > dropdown-story view (220x124)	not-started	—	—	node 11530-302976. Duplicate cut.
Social > dropdown-story tile (200x124)	not-started	—	—	node 11530-303003. Duplicate cut.
Social > dropdown-story view (220x124)	not-started	—	—	node 11530-303016. Duplicate cut.
Social - single comment (375)	blocked-on-backend	src/components/social/feed/PostCard.tsx	/social	node 11442-163219 (375x3385). The mobile Discover feed with a ONE-comment preview inside the first post. Feed ships; the inline comment preview cannot: toFeedPost sets commentPreviews: [] unconditionally, the indexer row carries comments_count but no bodies, and the live DB has no social comment table (probed at object level: only bug_comments and chat_message_feedback exist).
Social - show more comments (375)	blocked-on-backend	src/components/social/feed/PostCard.tsx	/social	node 11529-291953 (375x3439). The SAME feed with a SIX-comment preview. Guarded by src/components/social/showMoreComments.unavailable.test.ts. ★ The "Show more" text node 11529-292026 is hidden="true" — the control the frame is named after is not even drawn.
Social 1VH (375)	done	src/pages/social/SocialFeed.tsx	/social	node 11442-164766. Feed at 375; DiscoverFeed.responsive.test.tsx cites these redraws.
Social > Discover - search 1VH (375)	partial	src/pages/social/Discover.tsx	/discover	node 11461-195806. Search input and Creators-empty are live on real indexer data. The tab strip is the standing gap — Discover.tsx:654-698 renders SORT modes (Trending/Newest/Market Cap/Holders/Volume) over one list, not the frame's CONTENT tabs.
Social > CTA/button (125x44)	done	modules/skai-ui	—	node 11530-302957. A loose component INSTANCE parked on the page, not a screen. Furniture.
Social > Discover - search (375)	partial	src/pages/social/Discover.tsx	/discover	node 11461-197022 (375x1309). Cited in socialResponsiveContract.test.ts: at 375 the tab row and the two filter selects sit on SEPARATE rows and the table has no Holders column; at 768 both change. Those are genuine md: changes and are NOT covered by the lg: Messages rule.
Social > Discover - search > Favourite (375)	not-started	—	—	node 11461-197684. No favourites or bookmark model exists anywhere in src/. Re-checked this lane.
Social > Discover - search > Creators - empty (375)	done	src/pages/social/Discover.tsx	/discover	node 11461-198346. Discover.tsx:351, with distinct search-empty and fetch-error arms.
Social > Discover - search > Posts (375)	not-started	src/components/social/feed/DiscoverFeed.tsx	—	node 11461-199116. Root cause cleared — posts render at /social now — so a Posts tab on Discover is ordinary build work, no longer blocked.
Social > Discover - search > Top 20 trends (375)	not-started	—	/discover	node 11461-199709. socialTokenService.getTopTokens(limit=20) still has zero callers in Discover.tsx.
Social > Sample post / token (375)	blocked-on-backend	src/components/social/post/TokenPostDetail.tsx	—	node 11474-204840 (375x1275). TokenPostDetail is complete and deliberately mounted by nothing: no post entity, no /post route, no posts or comments table, and the indexer comments route answers 404. A container today would have to invent most of the page.
Social > Sample post / token - market 1VH (375)	blocked-on-backend	src/components/social/post/PostDetailTabs.tsx	—	node 11474-206222. Market tab of a page that has no route.
Social > Sample post / token 1VH (375)	blocked-on-backend	src/components/social/post/TokenPostDetail.tsx	—	node 11474-207758.
Social > Sample post / token - chart (375)	blocked-on-backend	src/components/social/post/PostTokenChartCard.tsx	—	node 11474-205859 (375x1275). PostChartSwitch branches correctly but there is NO market-cap series: the indexer registers no social series route, /api/v1/candles is keyed by perp symbol and answers 503, and social_token_transactions is viewer-scoped by RLS and empty. Only the HISTORY is missing — market_cap and total_volume are real.
Social > Sample creator profile (375)	partial	src/pages/account/UserProfile.tsx	/:username	node 11474-212827 (375x1262). Live surface is UserProfile.tsx (1852 lines). ★ A complete frame-accurate REWRITE exists at src/components/social/profile/ (10 files, ~110KB, 8 figma test files, built 2026-08-20) with ZERO non-barrel importers. Mounting it would replace working tabs and modals — a design ruling, not build work. Escalated.
Social > Sample creator profile > Tokens (375)	not-started	src/components/social/profile/CreatorTokensTab.tsx	/:username	node 11474-215215. Still no TabsTrigger value="tokens" in UserProfile.tsx; the live tab list is overview/activity/agents/trades/holdings/followers/groups. CreatorTokensTab is built and orphaned.
Social > Sample creator profile > Groups (375)	done	src/pages/account/UserProfile.tsx	/:username	node 11474-220999. UserProfile.tsx has TabsTrigger value="groups" (:1569). CreatorGroupsTab is a second, orphaned implementation.
Social > Sample creator profile > Posts (375)	not-started	src/components/social/profile/CreatorPostsTab.tsx	/:username	node 11474-222012. ⚠️ TITLE LIES: titled (1440 x 900px), measures 375x1365. Zero Posts/feed references in UserProfile.tsx. The indexer feed read is global — there is no per-author route to filter on yet.
Social > Sample creator profile > Posts - hover (343x392)	not-started	src/components/social/profile/CreatorPostsTab.tsx	/:username	node 11474-224415. Hover overlay on a post tile. Orphaned implementation only.
Social > Sample creator profile > Creator overview (375)	done	src/pages/account/UserProfile.tsx	/:username	node 11474-215821 (375x1633). TabsTrigger value="overview" at :1545. CreatorOverviewTab is the orphaned frame-accurate twin.
Social > Sample creator profile 1VH (375)	partial	src/pages/account/UserProfile.tsx	/:username	node 11474-213159.
Social > Sample creator profile 1VH (375)	partial	src/pages/account/UserProfile.tsx	/:username	node 11524-286515. Second 1VH cut, not diffed against 11474-213159 this lane.
Social > Sample creator profile > Following - modal 1VH (375)	done	src/components/social/FollowersModal.tsx	/:username	node 11474-218523. Mounted at UserProfile.tsx:1830 with followersModalTab set to "following" from :1427. CreatorFollowListModal is the orphaned twin.
Social > Sample creator profile > Holders - modal 1VH (375)	done	src/components/social/HoldersModal.tsx	/:username	node 11474-219363. Mounted at UserProfile.tsx:1841, opened from :1402. CreatorHoldersModal is the orphaned twin.
Social > Sample creator profile > Followers - modal 1VH (375)	done	src/components/social/FollowersModal.tsx	/:username	node 11474-218943. Same modal, tab "followers", opened from :1376.
Social > Sample post / token - chart 1VH (375)	blocked-on-backend	src/components/social/post/PostTokenChartCard.tsx	—	node 11474-206406. See 11474-205859.
Social > My post / token - chart 1VH (375)	blocked-on-backend	src/components/social/post/TokenPostDetail.tsx	—	node 11474-222766. Own-post variant, doubly blocked: no post entity to own.
Social > My post / token - chart > upload image 1VH (375)	blocked-on-backend	src/components/social/feed/postImageUpload.ts	—	node 11474-223997. The client half is built and honest: postImageUpload.ts:71 checks whether "post-image" is in the server's category enum. It is not — get-asset-upload-url accepts only avatar, group-photo, thumbnail and launchpad — so resolvePostImageUploader() returns null and the control renders disabled with a stated reason. Needs a server category.
Social > create story 1VH (375)	not-started	—	—	node 11442-174134. Stories do not exist. CreateNewMenu draws the Story row and renders it DISABLED with a reason rather than shipping a no-op, and StoryRail renders an empty rail rather than placeholder circles.
Social > create story > prepare story > posting 1VH (375)	not-started	—	—	node 11442-175333. Upload progress state. No implementation.
Social > share post 1VH (375)	partial	src/components/share/ShareButton.tsx	/social	node 11442-176880. Despite the title the frame shares a REFERRAL link (skai.trade/ref/<user>, X and Telegram, "100 SKAI per friend"); the referral surface is /referral. The feed's per-post share is deliberately unwired — shareFeedItem is a chain RE-SHARE tx, and a copy-link would copy a permalink that does not resolve.
Social > create post > empty 1VH (375)	done	src/components/social/feed/ComposePostDialog.tsx	/social	node 11442-175841. Placeholder present, Post dimmed, no token selector. ComposePostDialog.responsive.test.tsx cites these 375/768 redraws.
Social > create post 1VH (375)	done	src/components/social/feed/ComposePostDialog.tsx	/social	node 11442-176349. 500-char counter, Cmd/Ctrl+Enter submit, token selector sourced from getTokenByCreator.
Social > create post - with attached image 1VH (375)	blocked-on-backend	src/components/social/feed/ComposePostDialog.tsx	/social	node 11442-177647. Composer reachable and submit accepts image_url, but attach is disabled — no server upload category for post images. See 11474-223997.
Social > Create post - two images (354x792)	blocked-on-backend	src/components/social/feed/ComposePostDialog.tsx	/social	node 11527-291862. ★ NEW REQUIREMENT: the frame draws TWO attached images. ComposePostDialog holds a single `imageUrl: string | null` (:91) and submits `imageUrl?: string` (:70). Multi-image is a real gap, but downstream of the same missing upload category — adding a second slot to a disabled control buys nothing.
Social > create post > drafts 1VH (375)	done	src/components/social/feed/DraftsDialog.tsx	/social	node 11442-178053. Drafts list plus postDrafts.ts persistence, reachable from the composer.
Social > create post > drafts 1VH (375)	done	src/components/social/feed/DraftsDialog.tsx	/social	node 11442-178673. Multi-select variant — selectMode with per-row checkboxes and delete.
Social > view story - my story > Story settings 1VH (375)	not-started	—	—	node 11442-179814. IDENTIFIED BY ARTWORK: the story SETTINGS sheet over the viewer overlay, not a feed screen. A text-only dump reads as the Discover feed because the viewer is a child frame named `Overlay` painted on top of it — see 11442-179297.
Social > view story 1VH (375)	not-started	—	—	node 11442-179297. ★ A REAL STORY VIEWER, confirmed by render: child `Overlay` (11442:179186, 375x812) over the feed — avatar + name + age + Follow, three progress segments, pause and mute, tridots, prev/next chevrons, caption cards, a reply input with heart and send, and a close X. Nothing in src/ implements any of it.
Social > view story - my story 1VH (375)	not-started	—	—	node 11461-191228. Own-story variant of 11442-179297 (viewer list instead of Follow).
Social > create story > prepare story 1VH (375)	not-started	—	—	node 11442-174603. Caption states before posting.
Social > Caption - empty (354x792)	not-started	—	—	node 11527-291792. Empty caption composer for a story.
Social - dropdown 1VH (375)	done	src/components/social/feed/CreateNewMenu.tsx	/social	node 11442-173646. Create-new dropdown Token / Post / Story. Token navigates to the live TokenLaunchDialog chain; Post opens ComposePostDialog; Story renders disabled with "Stories are not available yet".
Social (768)	done	src/pages/social/SocialFeed.tsx	/social	node 11442-163273 (768x4387). Full-height feed at the tablet width.
Social 1VH (768)	done	src/pages/social/SocialFeed.tsx	/social	node 11442-164397.
Social > Discover - search > Creators - empty (768)	done	src/pages/social/Discover.tsx	/discover	node 11455-183352 (768x1178). Also cited in socialResponsiveContract Rule 1 as a one-pane 768 redraw.
Social > Discover - search > Posts (768)	not-started	src/components/social/feed/DiscoverFeed.tsx	—	node 11461-187585. See 11461-199116.
Social > Discover - search > Top 20 trends (768)	not-started	—	/discover	node 11461-188711 (768x1395). See 11461-199709.
Social > Discover - search > Favourite (768)	not-started	—	—	node 11461-189346 (768x1191). See 11461-197684.
Social > Discover - search (768)	partial	src/pages/social/Discover.tsx	/discover	node 11459-185505 (768x1424). The 768 half of the md: pair: tab row and both filter selects on ONE row, plus a Holders column per table row. Sort-modes-not-content-tabs gap stands.
Social > Discover - search 1VH (768)	partial	src/pages/social/Discover.tsx	/discover	node 11461-189925.
Social > CTA/button (125x46)	done	modules/skai-ui	—	node 11530-302951. Loose component instance. Furniture.
Social > create story 1VH (768)	not-started	—	—	node 11442-165902. See 11442-174134.
Social > create story > prepare story > posting 1VH (768)	not-started	—	—	node 11442-167339.
Social > create post > empty 1VH (768)	done	src/components/social/feed/ComposePostDialog.tsx	/social	node 11442-168505.
Social > create post 1VH (768)	done	src/components/social/feed/ComposePostDialog.tsx	/social	node 11442-169153.
Social > create post - with attached image 1VH (768)	blocked-on-backend	src/components/social/feed/ComposePostDialog.tsx	/social	node 11442-170034. See 11442-177647.
Social > create post > drafts 1VH (768)	done	src/components/social/feed/DraftsDialog.tsx	/social	node 11442-170567.
Social > create post > drafts 1VH (768)	done	src/components/social/feed/DraftsDialog.tsx	/social	node 11442-171056. Multi-select variant.
Social > view story 1VH (768)	not-started	—	—	node 11442-171969. Tablet cut of the story viewer. See 11442-179297.
Social > view story - my story 1VH (768)	not-started	—	—	node 11442-172515.
Social > view story - my story > Story settings 1VH (768)	not-started	—	—	node 11442-173004.
Social > share post (768)	partial	src/components/share/ShareButton.tsx	/social	node 11442-167934. See 11442-176880 — a referral sheet, not a post share.
Social > create story > prepare story 1VH (768)	not-started	—	—	node 11442-166576.
Social > Caption - empty (448x637)	not-started	—	—	node 11442-167200. Tablet cut of 11527-291792.
Social - dropdown 1VH (768)	done	src/components/social/feed/CreateNewMenu.tsx	/social	node 11442-165355.
Social > Caption - auto-generated (448x424)	not-started	—	—	node 11442-167104. ⚠️ ESCALATION: the frame offers a MACHINE-WRITTEN caption for a story upload. No caption-generation path exists in src/, and the product rule is that no assistant is ever named in the product. Needs a ruling on whether the feature is wanted at all before anything is built.
Social > Caption - auto-generated (354x792)	not-started	—	—	node 11442-175111. Mobile cut of 11442-167104.
Launch > create token 1VH (375)	partial	src/components/social/TokenLaunchDialog.tsx	/account	node 11461-191825. Reachable chain /account to ProfileSetupForm to TokenLaunchDialog, performing a real gasless deployCreatorCoin.
Launch > create token > preview 1VH (375)	partial	src/components/social/TokenLaunchDialog.tsx	/account	node 11461-192084. Preview step.
Launch > create token (375)	partial	src/components/social/TokenLaunchDialog.tsx	/account	node 11461-192352 (375x2300). TWO DEFAULT-CLOSED GATES STAND: useSocialTokenFeature defaults to {enabled:false} and stays disabled on any fetch error, and the flag is read from the INDEXER rather than Supabase feature_flags. Second gate is contractsReady = isDeployed(). Both deliberate fail-closed, not defects.
Launch > create token (375)	partial	src/components/social/TokenLaunchDialog.tsx	/account	node 11461-192611 (375x2300). Second 375 cut, not diffed against 11461-192352 this lane.
Launch > create token > Token image - with input (346x833)	partial	src/components/social/TokenCreationForm.tsx	/account	node 11461-192857. Token image picker with the name/ticker inputs beside it.
Launch > create token > Token image - with input (346x786)	partial	src/components/social/TokenCreationForm.tsx	/account	node 11461-192912. Shorter cut of 11461-192857.
Launch > create token 1VH (768)	partial	src/components/social/TokenLaunchDialog.tsx	/account	node 11461-192960.
Launch > create token > preview 1VH (768)	partial	src/components/social/TokenLaunchDialog.tsx	/account	node 11461-193256.
Launch > create token (768)	partial	src/components/social/TokenLaunchDialog.tsx	/account	node 11461-193561 (768x2110).
Launch > create token > Token image - with input (580x900)	partial	src/components/social/TokenCreationForm.tsx	/account	node 11461-193857.
Social > Sample post / token (768)	blocked-on-backend	src/components/social/post/TokenPostDetail.tsx	—	node 11474-201388 (768x1430). See 11474-204840.
Social > Sample post / token > Comments - dropdown (708x556)	blocked-on-backend	src/components/social/menus/socialRowMenus.tsx	—	node 11474-204230. Per-comment row menu. The menu shape is built; there are no comments to hang it on.
Social > Sample creator profile (768)	partial	src/pages/account/UserProfile.tsx	/:username	node 11474-211130 (768x1249). See 11474-212827.
Social > Sample creator profile > Tokens (768)	not-started	src/components/social/profile/CreatorTokensTab.tsx	/:username	node 11474-214001 (768x1343). See 11474-215215.
Social > Sample creator profile > Groups (768)	done	src/pages/account/UserProfile.tsx	/:username	node 11474-220336 (768x1247).
Social > Sample creator profile > Posts (768)	not-started	src/components/social/profile/CreatorPostsTab.tsx	/:username	node 11474-221594 (768x1595). See 11474-222012.
Social > Sample creator profile > Posts - hover (708x644)	not-started	src/components/social/profile/CreatorPostsTab.tsx	/:username	node 11474-224337. Tablet cut of 11474-224415.
Social > Sample creator profile > Creator overview (768)	done	src/pages/account/UserProfile.tsx	/:username	node 11474-214610 (768x1643).
Social > Sample post / token - chart (768)	blocked-on-backend	src/components/social/post/PostTokenChartCard.tsx	—	node 11474-202449 (768x1430). See 11474-205859.
Social > Sample creator profile - created tokens expanded 1VH (768)	partial	src/components/social/profile/CreatorTokensTab.tsx	/:username	node 11474-213441. Right rail: Market cap / Top holders / Created tokens (4) with per-token symbol, name, age, market cap and holder count. UserProfile.tsx has no such rail; CreatorTokensTab is the orphaned implementation. Holder counts are real (socialTokenService), market caps are real; only the rail is missing.
Social > Sample creator profile - created tokens collapsed 1VH (768)	partial	src/components/social/profile/CreatorTokensTab.tsx	/:username	node 11520-286072. The collapsed twin of 11474-213441 — identical text content, so the difference is geometry/visibility, not copy.
Social > Sample creator profile > Following - modal 1VH (768)	done	src/components/social/FollowersModal.tsx	/:username	node 11474-216389.
Social > Sample creator profile > Holders - modal 1VH (768)	done	src/components/social/HoldersModal.tsx	/:username	node 11474-217233.
Social > Sample creator profile > Followers - modal 1VH (768)	done	src/components/social/FollowersModal.tsx	/:username	node 11474-216811.
Social > Sample post / token - market 1VH (768)	blocked-on-backend	src/components/social/post/PostDetailTabs.tsx	—	node 11474-202779. See 11474-206222.
Social > Sample post / token 1VH (768)	blocked-on-backend	src/components/social/post/TokenPostDetail.tsx	—	node 11474-207421.
Social > Sample post / token > SRP - bottom - Holders (708x684)	blocked-on-backend	src/components/social/post/PostDetailTabs.tsx	—	node 11474-204464. Holders tab of the post-detail bottom strip. Built, unmountable.
Social > Sample post / token > SRP - bottom - Activity (708x620)	blocked-on-backend	src/components/social/post/PostDetailTabs.tsx	—	node 11474-204570. Activity tab. social_token_transactions is viewer-scoped by RLS and empty.
Social > Sample post / token - chart 1VH (768)	blocked-on-backend	src/components/social/post/PostTokenChartCard.tsx	—	node 11474-202951.
Social > Sample post / token > SRP - bottom - Details (708x334)	blocked-on-backend	src/components/social/post/PostDetailTabs.tsx	—	node 11474-204687. Details tab.
Social > My post / token - chart 1VH (768)	blocked-on-backend	src/components/social/post/TokenPostDetail.tsx	—	node 11474-222950. See 11474-222766.
Social > My post / token - chart > upload image 1VH (768)	blocked-on-backend	src/components/social/feed/postImageUpload.ts	—	node 11474-223492. See 11474-223997.
Social > Sample post / token > SRP - bottom - Holders (343x676)	blocked-on-backend	src/components/social/post/PostDetailTabs.tsx	—	node 11474-207013. Mobile cut of 11474-204464.
Social > Sample post / token > SRP - bottom - Activity (343x596)	blocked-on-backend	src/components/social/post/PostDetailTabs.tsx	—	node 11474-207119. Mobile cut of 11474-204570.
Social > Sample post / token > SRP - bottom - Details (343x314)	blocked-on-backend	src/components/social/post/PostDetailTabs.tsx	—	node 11474-207236. Mobile cut of 11474-204687.
Social > Sample post / token > Comments - dropdown (343x512)	blocked-on-backend	src/components/social/menus/socialRowMenus.tsx	—	node 11474-208090. Mobile cut of 11474-204230.
Social - with "tweets" > comment thread 1VH (375)	done	src/components/social/feed/FeedCommentsDialog.tsx	/social	node 11474-224476. Comment thread on a text-only post. Reachable — SocialFeed.tsx wires onOpenComments to getComments to FeedCommentsDialog. Viewer-like state maps to null, not to the false socialFeedService stamps on every row.
Social - with "tweets" > comment thread ALT 1VH (375)	partial	src/components/social/feed/FeedCommentsDialog.tsx	/social	node 11474-225924. ALT layout. An unresolved design A/B needing a ruling, not build work — the base layout is what ships.
Social - with "tweets" > comment thread 1VH (768)	done	src/components/social/feed/FeedCommentsDialog.tsx	/social	node 11474-224727.
Social - with "tweets" > comment thread ALT 1VH (768)	partial	src/components/social/feed/FeedCommentsDialog.tsx	/social	node 11474-225435. See 11474-225924.
Social - with "tweets" (375)	done	src/components/social/feed/PostCard.tsx	/social	node 11474-226906 (375x2894). Text-only post feed. PostCard renders caption-only posts; a null media omits the block rather than drawing an empty square.
Social - with "tweets" (768)	done	src/components/social/feed/PostCard.tsx	/social	node 11474-227157 (768x3615).
Social > sidebar - open casino (296x812)	partial	src/components/layout/LeftSidebar.tsx	—	node 11530-302327. Duplicate cut. See 11341-86906.
Social > sidebar - open casino (318x1024)	partial	src/components/layout/LeftSidebar.tsx	—	node 11530-302439. Duplicate cut.
