Skai > Predict - ALT 1VH (375 x 812px) [10211-14686]	not-started	src/pages/predict/PredictMarketDetail.tsx	/predict/market/:marketType/:marketId	UNBLOCKED - the named dependency EXISTS and predates this row. Object probe 2026-08-27: public.skai_prediction_bets holds 1689 rows from 187 distinct users, latest bet 2026-08-27 02:13:11Z, columns direction/entry_price/exit_price/market_end/outcome/payout; edge fn prediction-market is ACTIVE v75. All three things the old reason called absent are present: entry_price IS the price-to-beat, market_end IS the countdown target, payout/bet_amount IS the multiplier - measured 2.000x on 691 wins, 1.000x on 350 pushes, 0 on 648 losses. Residual gaps are each honest-offline-able, not screen-blocking: no cents-priced target ladder (the rail has a single strike), no book (both HIP-4 venues are CPMM - outcome_markets carries k_invariant + q_yes/q_no, and to_regclass is NULL for outcome_orders/predict_orders/outcome_order_book/limit_orders), and the candle engine is down (GET https://indexer.skai.trade/api/v1/candles/BTC-USD/1h -> HTTP 503 "candle engine not available", re-probed 2026-08-27). PRODUCT DECISION FOR CASEY, not a backend absence: the live rail is ETH 60s fixed-2x with integer points stakes 1..1000 (migration 20260310000001_prediction_mini_game.sql, "Separate from prediction_bets"), while the frame draws BTC 5min priced in cents per share.
Skai > Predict - ALT 1VH (375 x 812px) [10252-79268]	not-started	src/pages/predict/PredictMarketDetail.tsx	/predict/market/:marketType/:marketId	UNBLOCKED - the named dependency EXISTS and predates this row. Object probe 2026-08-27: public.skai_prediction_bets holds 1689 rows from 187 distinct users, latest bet 2026-08-27 02:13:11Z, columns direction/entry_price/exit_price/market_end/outcome/payout; edge fn prediction-market is ACTIVE v75. All three things the old reason called absent are present: entry_price IS the price-to-beat, market_end IS the countdown target, payout/bet_amount IS the multiplier - measured 2.000x on 691 wins, 1.000x on 350 pushes, 0 on 648 losses. Residual gaps are each honest-offline-able, not screen-blocking: no cents-priced target ladder (the rail has a single strike), no book (both HIP-4 venues are CPMM - outcome_markets carries k_invariant + q_yes/q_no, and to_regclass is NULL for outcome_orders/predict_orders/outcome_order_book/limit_orders), and the candle engine is down (GET https://indexer.skai.trade/api/v1/candles/BTC-USD/1h -> HTTP 503 "candle engine not available", re-probed 2026-08-27). PRODUCT DECISION FOR CASEY, not a backend absence: the live rail is ETH 60s fixed-2x with integer points stakes 1..1000 (migration 20260310000001_prediction_mini_game.sql, "Separate from prediction_bets"), while the frame draws BTC 5min priced in cents per share.
Skai > Predict - ALT 1VH (375 x 812px) [10315-19769]	not-started	src/pages/predict/PredictMarketDetail.tsx	/predict/market/:marketType/:marketId	UNBLOCKED - the named dependency EXISTS and predates this row. Object probe 2026-08-27: public.skai_prediction_bets holds 1689 rows from 187 distinct users, latest bet 2026-08-27 02:13:11Z, columns direction/entry_price/exit_price/market_end/outcome/payout; edge fn prediction-market is ACTIVE v75. All three things the old reason called absent are present: entry_price IS the price-to-beat, market_end IS the countdown target, payout/bet_amount IS the multiplier - measured 2.000x on 691 wins, 1.000x on 350 pushes, 0 on 648 losses. Residual gaps are each honest-offline-able, not screen-blocking: no cents-priced target ladder (the rail has a single strike), no book (both HIP-4 venues are CPMM - outcome_markets carries k_invariant + q_yes/q_no, and to_regclass is NULL for outcome_orders/predict_orders/outcome_order_book/limit_orders), and the candle engine is down (GET https://indexer.skai.trade/api/v1/candles/BTC-USD/1h -> HTTP 503 "candle engine not available", re-probed 2026-08-27). PRODUCT DECISION FOR CASEY, not a backend absence: the live rail is ETH 60s fixed-2x with integer points stakes 1..1000 (migration 20260310000001_prediction_mini_game.sql, "Separate from prediction_bets"), while the frame draws BTC 5min priced in cents per share.
Skai > Predict - ALT 1VH (375 x 812px) [10318-25330]	not-started	src/pages/predict/PredictMarketDetail.tsx	/predict/market/:marketType/:marketId	UNBLOCKED - the named dependency EXISTS and predates this row. Object probe 2026-08-27: public.skai_prediction_bets holds 1689 rows from 187 distinct users, latest bet 2026-08-27 02:13:11Z, columns direction/entry_price/exit_price/market_end/outcome/payout; edge fn prediction-market is ACTIVE v75. All three things the old reason called absent are present: entry_price IS the price-to-beat, market_end IS the countdown target, payout/bet_amount IS the multiplier - measured 2.000x on 691 wins, 1.000x on 350 pushes, 0 on 648 losses. Residual gaps are each honest-offline-able, not screen-blocking: no cents-priced target ladder (the rail has a single strike), no book (both HIP-4 venues are CPMM - outcome_markets carries k_invariant + q_yes/q_no, and to_regclass is NULL for outcome_orders/predict_orders/outcome_order_book/limit_orders), and the candle engine is down (GET https://indexer.skai.trade/api/v1/candles/BTC-USD/1h -> HTTP 503 "candle engine not available", re-probed 2026-08-27). PRODUCT DECISION FOR CASEY, not a backend absence: the live rail is ETH 60s fixed-2x with integer points stakes 1..1000 (migration 20260310000001_prediction_mini_game.sql, "Separate from prediction_bets"), while the frame draws BTC 5min priced in cents per share.
Skai > Predict - ALT 1VH (375 x 812px) [10318-26211]	not-started	src/pages/predict/PredictMarketDetail.tsx	/predict/market/:marketType/:marketId	UNBLOCKED - the named dependency EXISTS and predates this row. Object probe 2026-08-27: public.skai_prediction_bets holds 1689 rows from 187 distinct users, latest bet 2026-08-27 02:13:11Z, columns direction/entry_price/exit_price/market_end/outcome/payout; edge fn prediction-market is ACTIVE v75. All three things the old reason called absent are present: entry_price IS the price-to-beat, market_end IS the countdown target, payout/bet_amount IS the multiplier - measured 2.000x on 691 wins, 1.000x on 350 pushes, 0 on 648 losses. Residual gaps are each honest-offline-able, not screen-blocking: no cents-priced target ladder (the rail has a single strike), no book (both HIP-4 venues are CPMM - outcome_markets carries k_invariant + q_yes/q_no, and to_regclass is NULL for outcome_orders/predict_orders/outcome_order_book/limit_orders), and the candle engine is down (GET https://indexer.skai.trade/api/v1/candles/BTC-USD/1h -> HTTP 503 "candle engine not available", re-probed 2026-08-27). PRODUCT DECISION FOR CASEY, not a backend absence: the live rail is ETH 60s fixed-2x with integer points stakes 1..1000 (migration 20260310000001_prediction_mini_game.sql, "Separate from prediction_bets"), while the frame draws BTC 5min priced in cents per share.
Skai > Predict - ALT 1VH (375 x 812px) [10318-27037]	not-started	src/pages/predict/PredictMarketDetail.tsx	/predict/market/:marketType/:marketId	UNBLOCKED - the named dependency EXISTS and predates this row. Object probe 2026-08-27: public.skai_prediction_bets holds 1689 rows from 187 distinct users, latest bet 2026-08-27 02:13:11Z, columns direction/entry_price/exit_price/market_end/outcome/payout; edge fn prediction-market is ACTIVE v75. All three things the old reason called absent are present: entry_price IS the price-to-beat, market_end IS the countdown target, payout/bet_amount IS the multiplier - measured 2.000x on 691 wins, 1.000x on 350 pushes, 0 on 648 losses. Residual gaps are each honest-offline-able, not screen-blocking: no cents-priced target ladder (the rail has a single strike), no book (both HIP-4 venues are CPMM - outcome_markets carries k_invariant + q_yes/q_no, and to_regclass is NULL for outcome_orders/predict_orders/outcome_order_book/limit_orders), and the candle engine is down (GET https://indexer.skai.trade/api/v1/candles/BTC-USD/1h -> HTTP 503 "candle engine not available", re-probed 2026-08-27). PRODUCT DECISION FOR CASEY, not a backend absence: the live rail is ETH 60s fixed-2x with integer points stakes 1..1000 (migration 20260310000001_prediction_mini_game.sql, "Separate from prediction_bets"), while the frame draws BTC 5min priced in cents per share.
Skai > Predict - ALT 1VH (375 x 812px) [10318-27634]	not-started	src/pages/predict/PredictMarketDetail.tsx	/predict/market/:marketType/:marketId	UNBLOCKED - the named dependency EXISTS and predates this row. Object probe 2026-08-27: public.skai_prediction_bets holds 1689 rows from 187 distinct users, latest bet 2026-08-27 02:13:11Z, columns direction/entry_price/exit_price/market_end/outcome/payout; edge fn prediction-market is ACTIVE v75. All three things the old reason called absent are present: entry_price IS the price-to-beat, market_end IS the countdown target, payout/bet_amount IS the multiplier - measured 2.000x on 691 wins, 1.000x on 350 pushes, 0 on 648 losses. Residual gaps are each honest-offline-able, not screen-blocking: no cents-priced target ladder (the rail has a single strike), no book (both HIP-4 venues are CPMM - outcome_markets carries k_invariant + q_yes/q_no, and to_regclass is NULL for outcome_orders/predict_orders/outcome_order_book/limit_orders), and the candle engine is down (GET https://indexer.skai.trade/api/v1/candles/BTC-USD/1h -> HTTP 503 "candle engine not available", re-probed 2026-08-27). PRODUCT DECISION FOR CASEY, not a backend absence: the live rail is ETH 60s fixed-2x with integer points stakes 1..1000 (migration 20260310000001_prediction_mini_game.sql, "Separate from prediction_bets"), while the frame draws BTC 5min priced in cents per share.
Skai > Predict - ALT 1VH (375 x 812px) [10315-21225]	not-started	src/pages/predict/PredictMarketDetail.tsx	/predict/market/:marketType/:marketId	UNBLOCKED - the named dependency EXISTS and predates this row. Object probe 2026-08-27: public.skai_prediction_bets holds 1689 rows from 187 distinct users, latest bet 2026-08-27 02:13:11Z, columns direction/entry_price/exit_price/market_end/outcome/payout; edge fn prediction-market is ACTIVE v75. All three things the old reason called absent are present: entry_price IS the price-to-beat, market_end IS the countdown target, payout/bet_amount IS the multiplier - measured 2.000x on 691 wins, 1.000x on 350 pushes, 0 on 648 losses. Residual gaps are each honest-offline-able, not screen-blocking: no cents-priced target ladder (the rail has a single strike), no book (both HIP-4 venues are CPMM - outcome_markets carries k_invariant + q_yes/q_no, and to_regclass is NULL for outcome_orders/predict_orders/outcome_order_book/limit_orders), and the candle engine is down (GET https://indexer.skai.trade/api/v1/candles/BTC-USD/1h -> HTTP 503 "candle engine not available", re-probed 2026-08-27). PRODUCT DECISION FOR CASEY, not a backend absence: the live rail is ETH 60s fixed-2x with integer points stakes 1..1000 (migration 20260310000001_prediction_mini_game.sql, "Separate from prediction_bets"), while the frame draws BTC 5min priced in cents per share.
Skai > Predict - ALT 1VH (375 x 812px) [10315-23180]	not-started	src/pages/predict/PredictMarketDetail.tsx	/predict/market/:marketType/:marketId	UNBLOCKED - the named dependency EXISTS and predates this row. Object probe 2026-08-27: public.skai_prediction_bets holds 1689 rows from 187 distinct users, latest bet 2026-08-27 02:13:11Z, columns direction/entry_price/exit_price/market_end/outcome/payout; edge fn prediction-market is ACTIVE v75. All three things the old reason called absent are present: entry_price IS the price-to-beat, market_end IS the countdown target, payout/bet_amount IS the multiplier - measured 2.000x on 691 wins, 1.000x on 350 pushes, 0 on 648 losses. Residual gaps are each honest-offline-able, not screen-blocking: no cents-priced target ladder (the rail has a single strike), no book (both HIP-4 venues are CPMM - outcome_markets carries k_invariant + q_yes/q_no, and to_regclass is NULL for outcome_orders/predict_orders/outcome_order_book/limit_orders), and the candle engine is down (GET https://indexer.skai.trade/api/v1/candles/BTC-USD/1h -> HTTP 503 "candle engine not available", re-probed 2026-08-27). PRODUCT DECISION FOR CASEY, not a backend absence: the live rail is ETH 60s fixed-2x with integer points stakes 1..1000 (migration 20260310000001_prediction_mini_game.sql, "Separate from prediction_bets"), while the frame draws BTC 5min priced in cents per share.
Skai > Predict - ALT 1VH (375 x 812px) [10315-24206]	not-started	src/pages/predict/PredictMarketDetail.tsx	/predict/market/:marketType/:marketId	UNBLOCKED - the named dependency EXISTS and predates this row. Object probe 2026-08-27: public.skai_prediction_bets holds 1689 rows from 187 distinct users, latest bet 2026-08-27 02:13:11Z, columns direction/entry_price/exit_price/market_end/outcome/payout; edge fn prediction-market is ACTIVE v75. All three things the old reason called absent are present: entry_price IS the price-to-beat, market_end IS the countdown target, payout/bet_amount IS the multiplier - measured 2.000x on 691 wins, 1.000x on 350 pushes, 0 on 648 losses. Residual gaps are each honest-offline-able, not screen-blocking: no cents-priced target ladder (the rail has a single strike), no book (both HIP-4 venues are CPMM - outcome_markets carries k_invariant + q_yes/q_no, and to_regclass is NULL for outcome_orders/predict_orders/outcome_order_book/limit_orders), and the candle engine is down (GET https://indexer.skai.trade/api/v1/candles/BTC-USD/1h -> HTTP 503 "candle engine not available", re-probed 2026-08-27). PRODUCT DECISION FOR CASEY, not a backend absence: the live rail is ETH 60s fixed-2x with integer points stakes 1..1000 (migration 20260310000001_prediction_mini_game.sql, "Separate from prediction_bets"), while the frame draws BTC 5min priced in cents per share.
Skai > Predict - ALT 1VH (375 x 812px) [10315-22106]	not-started	src/pages/predict/PredictMarketDetail.tsx	/predict/market/:marketType/:marketId	UNBLOCKED - the named dependency EXISTS and predates this row. Object probe 2026-08-27: public.skai_prediction_bets holds 1689 rows from 187 distinct users, latest bet 2026-08-27 02:13:11Z, columns direction/entry_price/exit_price/market_end/outcome/payout; edge fn prediction-market is ACTIVE v75. All three things the old reason called absent are present: entry_price IS the price-to-beat, market_end IS the countdown target, payout/bet_amount IS the multiplier - measured 2.000x on 691 wins, 1.000x on 350 pushes, 0 on 648 losses. Residual gaps are each honest-offline-able, not screen-blocking: no cents-priced target ladder (the rail has a single strike), no book (both HIP-4 venues are CPMM - outcome_markets carries k_invariant + q_yes/q_no, and to_regclass is NULL for outcome_orders/predict_orders/outcome_order_book/limit_orders), and the candle engine is down (GET https://indexer.skai.trade/api/v1/candles/BTC-USD/1h -> HTTP 503 "candle engine not available", re-probed 2026-08-27). PRODUCT DECISION FOR CASEY, not a backend absence: the live rail is ETH 60s fixed-2x with integer points stakes 1..1000 (migration 20260310000001_prediction_mini_game.sql, "Separate from prediction_bets"), while the frame draws BTC 5min priced in cents per share.
Skai > Predict - ALT 1VH (375 x 812px) [10252-84286]	not-started	src/pages/predict/PredictMarketDetail.tsx	/predict/market/:marketType/:marketId	UNBLOCKED - the named dependency EXISTS and predates this row. Object probe 2026-08-27: public.skai_prediction_bets holds 1689 rows from 187 distinct users, latest bet 2026-08-27 02:13:11Z, columns direction/entry_price/exit_price/market_end/outcome/payout; edge fn prediction-market is ACTIVE v75. All three things the old reason called absent are present: entry_price IS the price-to-beat, market_end IS the countdown target, payout/bet_amount IS the multiplier - measured 2.000x on 691 wins, 1.000x on 350 pushes, 0 on 648 losses. Residual gaps are each honest-offline-able, not screen-blocking: no cents-priced target ladder (the rail has a single strike), no book (both HIP-4 venues are CPMM - outcome_markets carries k_invariant + q_yes/q_no, and to_regclass is NULL for outcome_orders/predict_orders/outcome_order_book/limit_orders), and the candle engine is down (GET https://indexer.skai.trade/api/v1/candles/BTC-USD/1h -> HTTP 503 "candle engine not available", re-probed 2026-08-27). PRODUCT DECISION FOR CASEY, not a backend absence: the live rail is ETH 60s fixed-2x with integer points stakes 1..1000 (migration 20260310000001_prediction_mini_game.sql, "Separate from prediction_bets"), while the frame draws BTC 5min priced in cents per share.
Skai > Predict - ALT 1VH (375 x 812px) [10252-82221]	not-started	src/pages/predict/PredictMarketDetail.tsx	/predict/market/:marketType/:marketId	UNBLOCKED - the named dependency EXISTS and predates this row. Object probe 2026-08-27: public.skai_prediction_bets holds 1689 rows from 187 distinct users, latest bet 2026-08-27 02:13:11Z, columns direction/entry_price/exit_price/market_end/outcome/payout; edge fn prediction-market is ACTIVE v75. All three things the old reason called absent are present: entry_price IS the price-to-beat, market_end IS the countdown target, payout/bet_amount IS the multiplier - measured 2.000x on 691 wins, 1.000x on 350 pushes, 0 on 648 losses. Residual gaps are each honest-offline-able, not screen-blocking: no cents-priced target ladder (the rail has a single strike), no book (both HIP-4 venues are CPMM - outcome_markets carries k_invariant + q_yes/q_no, and to_regclass is NULL for outcome_orders/predict_orders/outcome_order_book/limit_orders), and the candle engine is down (GET https://indexer.skai.trade/api/v1/candles/BTC-USD/1h -> HTTP 503 "candle engine not available", re-probed 2026-08-27). PRODUCT DECISION FOR CASEY, not a backend absence: the live rail is ETH 60s fixed-2x with integer points stakes 1..1000 (migration 20260310000001_prediction_mini_game.sql, "Separate from prediction_bets"), while the frame draws BTC 5min priced in cents per share.
Skai > Predict - ALT 1VH (375 x 812px) [10259-85182]	not-started	src/pages/predict/PredictMarketDetail.tsx	/predict/market/:marketType/:marketId	UNBLOCKED - the named dependency EXISTS and predates this row. Object probe 2026-08-27: public.skai_prediction_bets holds 1689 rows from 187 distinct users, latest bet 2026-08-27 02:13:11Z, columns direction/entry_price/exit_price/market_end/outcome/payout; edge fn prediction-market is ACTIVE v75. All three things the old reason called absent are present: entry_price IS the price-to-beat, market_end IS the countdown target, payout/bet_amount IS the multiplier - measured 2.000x on 691 wins, 1.000x on 350 pushes, 0 on 648 losses. Residual gaps are each honest-offline-able, not screen-blocking: no cents-priced target ladder (the rail has a single strike), no book (both HIP-4 venues are CPMM - outcome_markets carries k_invariant + q_yes/q_no, and to_regclass is NULL for outcome_orders/predict_orders/outcome_order_book/limit_orders), and the candle engine is down (GET https://indexer.skai.trade/api/v1/candles/BTC-USD/1h -> HTTP 503 "candle engine not available", re-probed 2026-08-27). PRODUCT DECISION FOR CASEY, not a backend absence: the live rail is ETH 60s fixed-2x with integer points stakes 1..1000 (migration 20260310000001_prediction_mini_game.sql, "Separate from prediction_bets"), while the frame draws BTC 5min priced in cents per share.
Skai > Predict - ALT 1VH (375 x 812px) [10240-16029]	not-started	src/pages/predict/PredictMarketDetail.tsx	/predict/market/:marketType/:marketId	UNBLOCKED - the named dependency EXISTS and predates this row. Object probe 2026-08-27: public.skai_prediction_bets holds 1689 rows from 187 distinct users, latest bet 2026-08-27 02:13:11Z, columns direction/entry_price/exit_price/market_end/outcome/payout; edge fn prediction-market is ACTIVE v75. All three things the old reason called absent are present: entry_price IS the price-to-beat, market_end IS the countdown target, payout/bet_amount IS the multiplier - measured 2.000x on 691 wins, 1.000x on 350 pushes, 0 on 648 losses. Residual gaps are each honest-offline-able, not screen-blocking: no cents-priced target ladder (the rail has a single strike), no book (both HIP-4 venues are CPMM - outcome_markets carries k_invariant + q_yes/q_no, and to_regclass is NULL for outcome_orders/predict_orders/outcome_order_book/limit_orders), and the candle engine is down (GET https://indexer.skai.trade/api/v1/candles/BTC-USD/1h -> HTTP 503 "candle engine not available", re-probed 2026-08-27). PRODUCT DECISION FOR CASEY, not a backend absence: the live rail is ETH 60s fixed-2x with integer points stakes 1..1000 (migration 20260310000001_prediction_mini_game.sql, "Separate from prediction_bets"), while the frame draws BTC 5min priced in cents per share.
Skai > Predict - ALT 1VH (375 x 812px) [10252-79831]	not-started	src/pages/predict/PredictMarketDetail.tsx	/predict/market/:marketType/:marketId	UNBLOCKED - the named dependency EXISTS and predates this row. Object probe 2026-08-27: public.skai_prediction_bets holds 1689 rows from 187 distinct users, latest bet 2026-08-27 02:13:11Z, columns direction/entry_price/exit_price/market_end/outcome/payout; edge fn prediction-market is ACTIVE v75. All three things the old reason called absent are present: entry_price IS the price-to-beat, market_end IS the countdown target, payout/bet_amount IS the multiplier - measured 2.000x on 691 wins, 1.000x on 350 pushes, 0 on 648 losses. Residual gaps are each honest-offline-able, not screen-blocking: no cents-priced target ladder (the rail has a single strike), no book (both HIP-4 venues are CPMM - outcome_markets carries k_invariant + q_yes/q_no, and to_regclass is NULL for outcome_orders/predict_orders/outcome_order_book/limit_orders), and the candle engine is down (GET https://indexer.skai.trade/api/v1/candles/BTC-USD/1h -> HTTP 503 "candle engine not available", re-probed 2026-08-27). PRODUCT DECISION FOR CASEY, not a backend absence: the live rail is ETH 60s fixed-2x with integer points stakes 1..1000 (migration 20260310000001_prediction_mini_game.sql, "Separate from prediction_bets"), while the frame draws BTC 5min priced in cents per share.
Skai > Predict > sample market - full (375x812px) [10509-19476]	not-started	src/pages/predict/PredictMarketDetail.tsx	/predict/market/:marketType/:marketId	UNBLOCKED - the named dependency EXISTS and predates this row. Object probe 2026-08-27: public.skai_prediction_bets holds 1689 rows from 187 distinct users, latest bet 2026-08-27 02:13:11Z, columns direction/entry_price/exit_price/market_end/outcome/payout; edge fn prediction-market is ACTIVE v75. All three things the old reason called absent are present: entry_price IS the price-to-beat, market_end IS the countdown target, payout/bet_amount IS the multiplier - measured 2.000x on 691 wins, 1.000x on 350 pushes, 0 on 648 losses. Residual gaps are each honest-offline-able, not screen-blocking: no cents-priced target ladder (the rail has a single strike), no book (both HIP-4 venues are CPMM - outcome_markets carries k_invariant + q_yes/q_no, and to_regclass is NULL for outcome_orders/predict_orders/outcome_order_book/limit_orders), and the candle engine is down (GET https://indexer.skai.trade/api/v1/candles/BTC-USD/1h -> HTTP 503 "candle engine not available", re-probed 2026-08-27). PRODUCT DECISION FOR CASEY, not a backend absence: the live rail is ETH 60s fixed-2x with integer points stakes 1..1000 (migration 20260310000001_prediction_mini_game.sql, "Separate from prediction_bets"), while the frame draws BTC 5min priced in cents per share.
Skai > Predict > sample market - order book (375x812px) [10518-23341]	not-started	src/pages/predict/PredictMarketDetail.tsx	/predict/market/:marketType/:marketId	UNBLOCKED - the named dependency EXISTS and predates this row. Object probe 2026-08-27: public.skai_prediction_bets holds 1689 rows from 187 distinct users, latest bet 2026-08-27 02:13:11Z, columns direction/entry_price/exit_price/market_end/outcome/payout; edge fn prediction-market is ACTIVE v75. All three things the old reason called absent are present: entry_price IS the price-to-beat, market_end IS the countdown target, payout/bet_amount IS the multiplier - measured 2.000x on 691 wins, 1.000x on 350 pushes, 0 on 648 losses. Residual gaps are each honest-offline-able, not screen-blocking: no cents-priced target ladder (the rail has a single strike), no book (both HIP-4 venues are CPMM - outcome_markets carries k_invariant + q_yes/q_no, and to_regclass is NULL for outcome_orders/predict_orders/outcome_order_book/limit_orders), and the candle engine is down (GET https://indexer.skai.trade/api/v1/candles/BTC-USD/1h -> HTTP 503 "candle engine not available", re-probed 2026-08-27). PRODUCT DECISION FOR CASEY, not a backend absence: the live rail is ETH 60s fixed-2x with integer points stakes 1..1000 (migration 20260310000001_prediction_mini_game.sql, "Separate from prediction_bets"), while the frame draws BTC 5min priced in cents per share.
Skai > Predict > sample market - instant 1VH (375x812px) [10516-19202]	not-started	src/pages/predict/PredictMarketDetail.tsx	/predict/market/:marketType/:marketId	UNBLOCKED - the named dependency EXISTS and predates this row. Object probe 2026-08-27: public.skai_prediction_bets holds 1689 rows from 187 distinct users, latest bet 2026-08-27 02:13:11Z, columns direction/entry_price/exit_price/market_end/outcome/payout; edge fn prediction-market is ACTIVE v75. All three things the old reason called absent are present: entry_price IS the price-to-beat, market_end IS the countdown target, payout/bet_amount IS the multiplier - measured 2.000x on 691 wins, 1.000x on 350 pushes, 0 on 648 losses. Residual gaps are each honest-offline-able, not screen-blocking: no cents-priced target ladder (the rail has a single strike), no book (both HIP-4 venues are CPMM - outcome_markets carries k_invariant + q_yes/q_no, and to_regclass is NULL for outcome_orders/predict_orders/outcome_order_book/limit_orders), and the candle engine is down (GET https://indexer.skai.trade/api/v1/candles/BTC-USD/1h -> HTTP 503 "candle engine not available", re-probed 2026-08-27). PRODUCT DECISION FOR CASEY, not a backend absence: the live rail is ETH 60s fixed-2x with integer points stakes 1..1000 (migration 20260310000001_prediction_mini_game.sql, "Separate from prediction_bets"), while the frame draws BTC 5min priced in cents per share.
Skai > Predict > sample market - instant 1VH (768 x 1024px) [10647-186764]	not-started	src/pages/predict/PredictMarketDetail.tsx	/predict/market/:marketType/:marketId	UNBLOCKED - the named dependency EXISTS and predates this row. Object probe 2026-08-27: public.skai_prediction_bets holds 1689 rows from 187 distinct users, latest bet 2026-08-27 02:13:11Z, columns direction/entry_price/exit_price/market_end/outcome/payout; edge fn prediction-market is ACTIVE v75. All three things the old reason called absent are present: entry_price IS the price-to-beat, market_end IS the countdown target, payout/bet_amount IS the multiplier - measured 2.000x on 691 wins, 1.000x on 350 pushes, 0 on 648 losses. Residual gaps are each honest-offline-able, not screen-blocking: no cents-priced target ladder (the rail has a single strike), no book (both HIP-4 venues are CPMM - outcome_markets carries k_invariant + q_yes/q_no, and to_regclass is NULL for outcome_orders/predict_orders/outcome_order_book/limit_orders), and the candle engine is down (GET https://indexer.skai.trade/api/v1/candles/BTC-USD/1h -> HTTP 503 "candle engine not available", re-probed 2026-08-27). PRODUCT DECISION FOR CASEY, not a backend absence: the live rail is ETH 60s fixed-2x with integer points stakes 1..1000 (migration 20260310000001_prediction_mini_game.sql, "Separate from prediction_bets"), while the frame draws BTC 5min priced in cents per share.
Skai > Predict > sample market - full (768 x 1024px) [10654-194997]	not-started	src/pages/predict/PredictMarketDetail.tsx	/predict/market/:marketType/:marketId	UNBLOCKED - the named dependency EXISTS and predates this row. Object probe 2026-08-27: public.skai_prediction_bets holds 1689 rows from 187 distinct users, latest bet 2026-08-27 02:13:11Z, columns direction/entry_price/exit_price/market_end/outcome/payout; edge fn prediction-market is ACTIVE v75. All three things the old reason called absent are present: entry_price IS the price-to-beat, market_end IS the countdown target, payout/bet_amount IS the multiplier - measured 2.000x on 691 wins, 1.000x on 350 pushes, 0 on 648 losses. Residual gaps are each honest-offline-able, not screen-blocking: no cents-priced target ladder (the rail has a single strike), no book (both HIP-4 venues are CPMM - outcome_markets carries k_invariant + q_yes/q_no, and to_regclass is NULL for outcome_orders/predict_orders/outcome_order_book/limit_orders), and the candle engine is down (GET https://indexer.skai.trade/api/v1/candles/BTC-USD/1h -> HTTP 503 "candle engine not available", re-probed 2026-08-27). PRODUCT DECISION FOR CASEY, not a backend absence: the live rail is ETH 60s fixed-2x with integer points stakes 1..1000 (migration 20260310000001_prediction_mini_game.sql, "Separate from prediction_bets"), while the frame draws BTC 5min priced in cents per share.
Skai > Predict > sample market - order book (768 x 1024px) [10654-196060]	not-started	src/pages/predict/PredictMarketDetail.tsx	/predict/market/:marketType/:marketId	UNBLOCKED - the named dependency EXISTS and predates this row. Object probe 2026-08-27: public.skai_prediction_bets holds 1689 rows from 187 distinct users, latest bet 2026-08-27 02:13:11Z, columns direction/entry_price/exit_price/market_end/outcome/payout; edge fn prediction-market is ACTIVE v75. All three things the old reason called absent are present: entry_price IS the price-to-beat, market_end IS the countdown target, payout/bet_amount IS the multiplier - measured 2.000x on 691 wins, 1.000x on 350 pushes, 0 on 648 losses. Residual gaps are each honest-offline-able, not screen-blocking: no cents-priced target ladder (the rail has a single strike), no book (both HIP-4 venues are CPMM - outcome_markets carries k_invariant + q_yes/q_no, and to_regclass is NULL for outcome_orders/predict_orders/outcome_order_book/limit_orders), and the candle engine is down (GET https://indexer.skai.trade/api/v1/candles/BTC-USD/1h -> HTTP 503 "candle engine not available", re-probed 2026-08-27). PRODUCT DECISION FOR CASEY, not a backend absence: the live rail is ETH 60s fixed-2x with integer points stakes 1..1000 (migration 20260310000001_prediction_mini_game.sql, "Separate from prediction_bets"), while the frame draws BTC 5min priced in cents per share.
Skai > Predict > sample market - outcome 1VH (768 x 1024px) [10651-188965]	not-started	src/pages/predict/PredictMarketDetail.tsx	/predict/market/:marketType/:marketId	UNBLOCKED - the named dependency EXISTS and predates this row. Object probe 2026-08-27: public.skai_prediction_bets holds 1689 rows from 187 distinct users, latest bet 2026-08-27 02:13:11Z, columns direction/entry_price/exit_price/market_end/outcome/payout; edge fn prediction-market is ACTIVE v75. All three things the old reason called absent are present: entry_price IS the price-to-beat, market_end IS the countdown target, payout/bet_amount IS the multiplier - measured 2.000x on 691 wins, 1.000x on 350 pushes, 0 on 648 losses. Residual gaps are each honest-offline-able, not screen-blocking: no cents-priced target ladder (the rail has a single strike), no book (both HIP-4 venues are CPMM - outcome_markets carries k_invariant + q_yes/q_no, and to_regclass is NULL for outcome_orders/predict_orders/outcome_order_book/limit_orders), and the candle engine is down (GET https://indexer.skai.trade/api/v1/candles/BTC-USD/1h -> HTTP 503 "candle engine not available", re-probed 2026-08-27). PRODUCT DECISION FOR CASEY, not a backend absence: the live rail is ETH 60s fixed-2x with integer points stakes 1..1000 (migration 20260310000001_prediction_mini_game.sql, "Separate from prediction_bets"), while the frame draws BTC 5min priced in cents per share.
Skai > Predict > sample market - market - up 1VH (768 x 1024px) [10654-190511]	not-started	src/pages/predict/PredictMarketDetail.tsx	/predict/market/:marketType/:marketId	UNBLOCKED - the named dependency EXISTS and predates this row. Object probe 2026-08-27: public.skai_prediction_bets holds 1689 rows from 187 distinct users, latest bet 2026-08-27 02:13:11Z, columns direction/entry_price/exit_price/market_end/outcome/payout; edge fn prediction-market is ACTIVE v75. All three things the old reason called absent are present: entry_price IS the price-to-beat, market_end IS the countdown target, payout/bet_amount IS the multiplier - measured 2.000x on 691 wins, 1.000x on 350 pushes, 0 on 648 losses. Residual gaps are each honest-offline-able, not screen-blocking: no cents-priced target ladder (the rail has a single strike), no book (both HIP-4 venues are CPMM - outcome_markets carries k_invariant + q_yes/q_no, and to_regclass is NULL for outcome_orders/predict_orders/outcome_order_book/limit_orders), and the candle engine is down (GET https://indexer.skai.trade/api/v1/candles/BTC-USD/1h -> HTTP 503 "candle engine not available", re-probed 2026-08-27). PRODUCT DECISION FOR CASEY, not a backend absence: the live rail is ETH 60s fixed-2x with integer points stakes 1..1000 (migration 20260310000001_prediction_mini_game.sql, "Separate from prediction_bets"), while the frame draws BTC 5min priced in cents per share.
Skai > Predict > sample market - market 1VH (768 x 1024px) [10654-192089]	not-started	src/pages/predict/PredictMarketDetail.tsx	/predict/market/:marketType/:marketId	UNBLOCKED - the named dependency EXISTS and predates this row. Object probe 2026-08-27: public.skai_prediction_bets holds 1689 rows from 187 distinct users, latest bet 2026-08-27 02:13:11Z, columns direction/entry_price/exit_price/market_end/outcome/payout; edge fn prediction-market is ACTIVE v75. All three things the old reason called absent are present: entry_price IS the price-to-beat, market_end IS the countdown target, payout/bet_amount IS the multiplier - measured 2.000x on 691 wins, 1.000x on 350 pushes, 0 on 648 losses. Residual gaps are each honest-offline-able, not screen-blocking: no cents-priced target ladder (the rail has a single strike), no book (both HIP-4 venues are CPMM - outcome_markets carries k_invariant + q_yes/q_no, and to_regclass is NULL for outcome_orders/predict_orders/outcome_order_book/limit_orders), and the candle engine is down (GET https://indexer.skai.trade/api/v1/candles/BTC-USD/1h -> HTTP 503 "candle engine not available", re-probed 2026-08-27). PRODUCT DECISION FOR CASEY, not a backend absence: the live rail is ETH 60s fixed-2x with integer points stakes 1..1000 (migration 20260310000001_prediction_mini_game.sql, "Separate from prediction_bets"), while the frame draws BTC 5min priced in cents per share.
Skai > Predict > sample market - limt - up 1VH (768 x 1024px) [10654-191300]	not-started	src/pages/predict/PredictMarketDetail.tsx	/predict/market/:marketType/:marketId	UNBLOCKED - the named dependency EXISTS and predates this row. Object probe 2026-08-27: public.skai_prediction_bets holds 1689 rows from 187 distinct users, latest bet 2026-08-27 02:13:11Z, columns direction/entry_price/exit_price/market_end/outcome/payout; edge fn prediction-market is ACTIVE v75. All three things the old reason called absent are present: entry_price IS the price-to-beat, market_end IS the countdown target, payout/bet_amount IS the multiplier - measured 2.000x on 691 wins, 1.000x on 350 pushes, 0 on 648 losses. Residual gaps are each honest-offline-able, not screen-blocking: no cents-priced target ladder (the rail has a single strike), no book (both HIP-4 venues are CPMM - outcome_markets carries k_invariant + q_yes/q_no, and to_regclass is NULL for outcome_orders/predict_orders/outcome_order_book/limit_orders), and the candle engine is down (GET https://indexer.skai.trade/api/v1/candles/BTC-USD/1h -> HTTP 503 "candle engine not available", re-probed 2026-08-27). PRODUCT DECISION FOR CASEY, not a backend absence: the live rail is ETH 60s fixed-2x with integer points stakes 1..1000 (migration 20260310000001_prediction_mini_game.sql, "Separate from prediction_bets"), while the frame draws BTC 5min priced in cents per share.
Skai > Predict > sample market - limit - up 1VH (768 x 1024px) [10654-192878]	not-started	src/pages/predict/PredictMarketDetail.tsx	/predict/market/:marketType/:marketId	UNBLOCKED - the named dependency EXISTS and predates this row. Object probe 2026-08-27: public.skai_prediction_bets holds 1689 rows from 187 distinct users, latest bet 2026-08-27 02:13:11Z, columns direction/entry_price/exit_price/market_end/outcome/payout; edge fn prediction-market is ACTIVE v75. All three things the old reason called absent are present: entry_price IS the price-to-beat, market_end IS the countdown target, payout/bet_amount IS the multiplier - measured 2.000x on 691 wins, 1.000x on 350 pushes, 0 on 648 losses. Residual gaps are each honest-offline-able, not screen-blocking: no cents-priced target ladder (the rail has a single strike), no book (both HIP-4 venues are CPMM - outcome_markets carries k_invariant + q_yes/q_no, and to_regclass is NULL for outcome_orders/predict_orders/outcome_order_book/limit_orders), and the candle engine is down (GET https://indexer.skai.trade/api/v1/candles/BTC-USD/1h -> HTTP 503 "candle engine not available", re-probed 2026-08-27). PRODUCT DECISION FOR CASEY, not a backend absence: the live rail is ETH 60s fixed-2x with integer points stakes 1..1000 (migration 20260310000001_prediction_mini_game.sql, "Separate from prediction_bets"), while the frame draws BTC 5min priced in cents per share.
Skai > Predict > sample market - scroll 1VH (768 x 1024px) [10647-187992]	not-started	src/pages/predict/PredictMarketDetail.tsx	/predict/market/:marketType/:marketId	UNBLOCKED - the named dependency EXISTS and predates this row. Object probe 2026-08-27: public.skai_prediction_bets holds 1689 rows from 187 distinct users, latest bet 2026-08-27 02:13:11Z, columns direction/entry_price/exit_price/market_end/outcome/payout; edge fn prediction-market is ACTIVE v75. All three things the old reason called absent are present: entry_price IS the price-to-beat, market_end IS the countdown target, payout/bet_amount IS the multiplier - measured 2.000x on 691 wins, 1.000x on 350 pushes, 0 on 648 losses. Residual gaps are each honest-offline-able, not screen-blocking: no cents-priced target ladder (the rail has a single strike), no book (both HIP-4 venues are CPMM - outcome_markets carries k_invariant + q_yes/q_no, and to_regclass is NULL for outcome_orders/predict_orders/outcome_order_book/limit_orders), and the candle engine is down (GET https://indexer.skai.trade/api/v1/candles/BTC-USD/1h -> HTTP 503 "candle engine not available", re-probed 2026-08-27). PRODUCT DECISION FOR CASEY, not a backend absence: the live rail is ETH 60s fixed-2x with integer points stakes 1..1000 (migration 20260310000001_prediction_mini_game.sql, "Separate from prediction_bets"), while the frame draws BTC 5min priced in cents per share.
Skai > Predict > sample market - outcome 1VH (375x812px) [10594-49361]	not-started	src/pages/predict/PredictMarketDetail.tsx	/predict/market/:marketType/:marketId	UNBLOCKED - the named dependency EXISTS and predates this row. Object probe 2026-08-27: public.skai_prediction_bets holds 1689 rows from 187 distinct users, latest bet 2026-08-27 02:13:11Z, columns direction/entry_price/exit_price/market_end/outcome/payout; edge fn prediction-market is ACTIVE v75. All three things the old reason called absent are present: entry_price IS the price-to-beat, market_end IS the countdown target, payout/bet_amount IS the multiplier - measured 2.000x on 691 wins, 1.000x on 350 pushes, 0 on 648 losses. Residual gaps are each honest-offline-able, not screen-blocking: no cents-priced target ladder (the rail has a single strike), no book (both HIP-4 venues are CPMM - outcome_markets carries k_invariant + q_yes/q_no, and to_regclass is NULL for outcome_orders/predict_orders/outcome_order_book/limit_orders), and the candle engine is down (GET https://indexer.skai.trade/api/v1/candles/BTC-USD/1h -> HTTP 503 "candle engine not available", re-probed 2026-08-27). PRODUCT DECISION FOR CASEY, not a backend absence: the live rail is ETH 60s fixed-2x with integer points stakes 1..1000 (migration 20260310000001_prediction_mini_game.sql, "Separate from prediction_bets"), while the frame draws BTC 5min priced in cents per share.
Skai > Predict > sample market - market 1VH (375x812px) [10594-48510]	not-started	src/pages/predict/PredictMarketDetail.tsx	/predict/market/:marketType/:marketId	UNBLOCKED - the named dependency EXISTS and predates this row. Object probe 2026-08-27: public.skai_prediction_bets holds 1689 rows from 187 distinct users, latest bet 2026-08-27 02:13:11Z, columns direction/entry_price/exit_price/market_end/outcome/payout; edge fn prediction-market is ACTIVE v75. All three things the old reason called absent are present: entry_price IS the price-to-beat, market_end IS the countdown target, payout/bet_amount IS the multiplier - measured 2.000x on 691 wins, 1.000x on 350 pushes, 0 on 648 losses. Residual gaps are each honest-offline-able, not screen-blocking: no cents-priced target ladder (the rail has a single strike), no book (both HIP-4 venues are CPMM - outcome_markets carries k_invariant + q_yes/q_no, and to_regclass is NULL for outcome_orders/predict_orders/outcome_order_book/limit_orders), and the candle engine is down (GET https://indexer.skai.trade/api/v1/candles/BTC-USD/1h -> HTTP 503 "candle engine not available", re-probed 2026-08-27). PRODUCT DECISION FOR CASEY, not a backend absence: the live rail is ETH 60s fixed-2x with integer points stakes 1..1000 (migration 20260310000001_prediction_mini_game.sql, "Separate from prediction_bets"), while the frame draws BTC 5min priced in cents per share.
Skai > Predict > sample market - limit - up 1VH (375x812px) [10594-56645]	not-started	src/pages/predict/PredictMarketDetail.tsx	/predict/market/:marketType/:marketId	UNBLOCKED - the named dependency EXISTS and predates this row. Object probe 2026-08-27: public.skai_prediction_bets holds 1689 rows from 187 distinct users, latest bet 2026-08-27 02:13:11Z, columns direction/entry_price/exit_price/market_end/outcome/payout; edge fn prediction-market is ACTIVE v75. All three things the old reason called absent are present: entry_price IS the price-to-beat, market_end IS the countdown target, payout/bet_amount IS the multiplier - measured 2.000x on 691 wins, 1.000x on 350 pushes, 0 on 648 losses. Residual gaps are each honest-offline-able, not screen-blocking: no cents-priced target ladder (the rail has a single strike), no book (both HIP-4 venues are CPMM - outcome_markets carries k_invariant + q_yes/q_no, and to_regclass is NULL for outcome_orders/predict_orders/outcome_order_book/limit_orders), and the candle engine is down (GET https://indexer.skai.trade/api/v1/candles/BTC-USD/1h -> HTTP 503 "candle engine not available", re-probed 2026-08-27). PRODUCT DECISION FOR CASEY, not a backend absence: the live rail is ETH 60s fixed-2x with integer points stakes 1..1000 (migration 20260310000001_prediction_mini_game.sql, "Separate from prediction_bets"), while the frame draws BTC 5min priced in cents per share.
Skai > Predict > sample market - scroll 1VH (375x812px) [10509-20117]	not-started	src/pages/predict/PredictMarketDetail.tsx	/predict/market/:marketType/:marketId	UNBLOCKED - the named dependency EXISTS and predates this row. Object probe 2026-08-27: public.skai_prediction_bets holds 1689 rows from 187 distinct users, latest bet 2026-08-27 02:13:11Z, columns direction/entry_price/exit_price/market_end/outcome/payout; edge fn prediction-market is ACTIVE v75. All three things the old reason called absent are present: entry_price IS the price-to-beat, market_end IS the countdown target, payout/bet_amount IS the multiplier - measured 2.000x on 691 wins, 1.000x on 350 pushes, 0 on 648 losses. Residual gaps are each honest-offline-able, not screen-blocking: no cents-priced target ladder (the rail has a single strike), no book (both HIP-4 venues are CPMM - outcome_markets carries k_invariant + q_yes/q_no, and to_regclass is NULL for outcome_orders/predict_orders/outcome_order_book/limit_orders), and the candle engine is down (GET https://indexer.skai.trade/api/v1/candles/BTC-USD/1h -> HTTP 503 "candle engine not available", re-probed 2026-08-27). PRODUCT DECISION FOR CASEY, not a backend absence: the live rail is ETH 60s fixed-2x with integer points stakes 1..1000 (migration 20260310000001_prediction_mini_game.sql, "Separate from prediction_bets"), while the frame draws BTC 5min priced in cents per share.
Skai > Predict > sample market ALT 1VH (375 x 812px) [10659-165267]	not-started	src/pages/predict/PredictMarketDetail.tsx	/predict/market/:marketType/:marketId	UNBLOCKED - the named dependency EXISTS and predates this row. Object probe 2026-08-27: public.skai_prediction_bets holds 1689 rows from 187 distinct users, latest bet 2026-08-27 02:13:11Z, columns direction/entry_price/exit_price/market_end/outcome/payout; edge fn prediction-market is ACTIVE v75. All three things the old reason called absent are present: entry_price IS the price-to-beat, market_end IS the countdown target, payout/bet_amount IS the multiplier - measured 2.000x on 691 wins, 1.000x on 350 pushes, 0 on 648 losses. Residual gaps are each honest-offline-able, not screen-blocking: no cents-priced target ladder (the rail has a single strike), no book (both HIP-4 venues are CPMM - outcome_markets carries k_invariant + q_yes/q_no, and to_regclass is NULL for outcome_orders/predict_orders/outcome_order_book/limit_orders), and the candle engine is down (GET https://indexer.skai.trade/api/v1/candles/BTC-USD/1h -> HTTP 503 "candle engine not available", re-probed 2026-08-27). PRODUCT DECISION FOR CASEY, not a backend absence: the live rail is ETH 60s fixed-2x with integer points stakes 1..1000 (migration 20260310000001_prediction_mini_game.sql, "Separate from prediction_bets"), while the frame draws BTC 5min priced in cents per share.
Skai > Predict > sample market - market - up 1VH (375x812px) [10594-53620]	not-started	src/pages/predict/PredictMarketDetail.tsx	/predict/market/:marketType/:marketId	UNBLOCKED - the named dependency EXISTS and predates this row. Object probe 2026-08-27: public.skai_prediction_bets holds 1689 rows from 187 distinct users, latest bet 2026-08-27 02:13:11Z, columns direction/entry_price/exit_price/market_end/outcome/payout; edge fn prediction-market is ACTIVE v75. All three things the old reason called absent are present: entry_price IS the price-to-beat, market_end IS the countdown target, payout/bet_amount IS the multiplier - measured 2.000x on 691 wins, 1.000x on 350 pushes, 0 on 648 losses. Residual gaps are each honest-offline-able, not screen-blocking: no cents-priced target ladder (the rail has a single strike), no book (both HIP-4 venues are CPMM - outcome_markets carries k_invariant + q_yes/q_no, and to_regclass is NULL for outcome_orders/predict_orders/outcome_order_book/limit_orders), and the candle engine is down (GET https://indexer.skai.trade/api/v1/candles/BTC-USD/1h -> HTTP 503 "candle engine not available", re-probed 2026-08-27). PRODUCT DECISION FOR CASEY, not a backend absence: the live rail is ETH 60s fixed-2x with integer points stakes 1..1000 (migration 20260310000001_prediction_mini_game.sql, "Separate from prediction_bets"), while the frame draws BTC 5min priced in cents per share.
Skai > Predict > sample market - limt - up 1VH (375x812px) [10594-54294]	not-started	src/pages/predict/PredictMarketDetail.tsx	/predict/market/:marketType/:marketId	UNBLOCKED - the named dependency EXISTS and predates this row. Object probe 2026-08-27: public.skai_prediction_bets holds 1689 rows from 187 distinct users, latest bet 2026-08-27 02:13:11Z, columns direction/entry_price/exit_price/market_end/outcome/payout; edge fn prediction-market is ACTIVE v75. All three things the old reason called absent are present: entry_price IS the price-to-beat, market_end IS the countdown target, payout/bet_amount IS the multiplier - measured 2.000x on 691 wins, 1.000x on 350 pushes, 0 on 648 losses. Residual gaps are each honest-offline-able, not screen-blocking: no cents-priced target ladder (the rail has a single strike), no book (both HIP-4 venues are CPMM - outcome_markets carries k_invariant + q_yes/q_no, and to_regclass is NULL for outcome_orders/predict_orders/outcome_order_book/limit_orders), and the candle engine is down (GET https://indexer.skai.trade/api/v1/candles/BTC-USD/1h -> HTTP 503 "candle engine not available", re-probed 2026-08-27). PRODUCT DECISION FOR CASEY, not a backend absence: the live rail is ETH 60s fixed-2x with integer points stakes 1..1000 (migration 20260310000001_prediction_mini_game.sql, "Separate from prediction_bets"), while the frame draws BTC 5min priced in cents per share.
Order book - Predict [8664-116403]	frame-defect	src/components/predict/detail/	/predict/market/:marketType/:marketId	MISLABELLED - not backend-blocked; the module is BUILT AND MOUNTED. src/components/predict/detail/OrderBookPanel.tsx (100 lines) is imported at PredictMarketDetail.tsx:82 and rendered at :468, and it renders kind="unavailable" with the CPMM explanation plus the real numbers a book would have shown - price per share and pool reserves per side. The frame asks for a resting-order book this venue structurally cannot have: outcome_markets carries k_invariant with q_yes/q_no (constant product), outcome_trades holds 0 rows, and to_regclass is NULL for outcome_orders, predict_orders, outcome_order_book and limit_orders (all probed 2026-08-27). No backend work will ever produce a book here, so "waiting on the backend" is the wrong label - the FRAME is wrong about the venue.
Order book - trade [8659-116118]	frame-defect	src/components/predict/detail/	/predict/market/:marketType/:marketId	MISLABELLED - not backend-blocked; the module is BUILT AND MOUNTED. src/components/predict/detail/OrderBookPanel.tsx (100 lines) is imported at PredictMarketDetail.tsx:82 and rendered at :468, and it renders kind="unavailable" with the CPMM explanation plus the real numbers a book would have shown - price per share and pool reserves per side. The frame asks for a resting-order book this venue structurally cannot have: outcome_markets carries k_invariant with q_yes/q_no (constant product), outcome_trades holds 0 rows, and to_regclass is NULL for outcome_orders, predict_orders, outcome_order_book and limit_orders (all probed 2026-08-27). No backend work will ever produce a book here, so "waiting on the backend" is the wrong label - the FRAME is wrong about the venue.
Order book - Predict [10518-24222]	frame-defect	src/components/predict/detail/	/predict/market/:marketType/:marketId	MISLABELLED - not backend-blocked; the module is BUILT AND MOUNTED. src/components/predict/detail/OrderBookPanel.tsx (100 lines) is imported at PredictMarketDetail.tsx:82 and rendered at :468, and it renders kind="unavailable" with the CPMM explanation plus the real numbers a book would have shown - price per share and pool reserves per side. The frame asks for a resting-order book this venue structurally cannot have: outcome_markets carries k_invariant with q_yes/q_no (constant product), outcome_trades holds 0 rows, and to_regclass is NULL for outcome_orders, predict_orders, outcome_order_book and limit_orders (all probed 2026-08-27). No backend work will ever produce a book here, so "waiting on the backend" is the wrong label - the FRAME is wrong about the venue.
Order book - Predict [10654-197415]	frame-defect	src/components/predict/detail/	/predict/market/:marketType/:marketId	MISLABELLED - not backend-blocked; the module is BUILT AND MOUNTED. src/components/predict/detail/OrderBookPanel.tsx (100 lines) is imported at PredictMarketDetail.tsx:82 and rendered at :468, and it renders kind="unavailable" with the CPMM explanation plus the real numbers a book would have shown - price per share and pool reserves per side. The frame asks for a resting-order book this venue structurally cannot have: outcome_markets carries k_invariant with q_yes/q_no (constant product), outcome_trades holds 0 rows, and to_regclass is NULL for outcome_orders, predict_orders, outcome_order_book and limit_orders (all probed 2026-08-27). No backend work will ever produce a book here, so "waiting on the backend" is the wrong label - the FRAME is wrong about the venue.
Order book - Predict [10252-82996]	frame-defect	src/components/predict/detail/	/predict/market/:marketType/:marketId	MISLABELLED - not backend-blocked; the module is BUILT AND MOUNTED. src/components/predict/detail/OrderBookPanel.tsx (100 lines) is imported at PredictMarketDetail.tsx:82 and rendered at :468, and it renders kind="unavailable" with the CPMM explanation plus the real numbers a book would have shown - price per share and pool reserves per side. The frame asks for a resting-order book this venue structurally cannot have: outcome_markets carries k_invariant with q_yes/q_no (constant product), outcome_trades holds 0 rows, and to_regclass is NULL for outcome_orders, predict_orders, outcome_order_book and limit_orders (all probed 2026-08-27). No backend work will ever produce a book here, so "waiting on the backend" is the wrong label - the FRAME is wrong about the venue.
Skai > Predict > Rewards > Open orders 1VH (1440 x 900px) [8937-48702]	partial	src/components/predict/rewards/OpenOrdersTable.tsx	/rewards?tab=predict	MISLABELLED - not backend-blocked; BUILT, mounted and already measured. src/components/predict/rewards/OpenOrdersTable.tsx renders the five frame column headings over RewardsUnavailable, with widths measured off 8937:48774: Market 334 / Filled 85 / Total 131 / Expiration 100 / Action 170 right-aligned, Manrope 14/18 tracking -0.04em, wrap-not-hide below lg. The CPMM/no-book fact is re-confirmed (k_invariant on outcome_markets; to_regclass NULL for every order relation, 2026-08-27) but that is precisely what the panel already SAYS. Per Casey ruling 2026-08-26 an honest offline state is the deliverable, so there is no scheduled build work left here - a measurement lane should re-check 375 and 768 and promote.
Skai > Predict > Rewards > Open orders 1VH (768x1024px) [10657-234836]	partial	src/components/predict/rewards/OpenOrdersTable.tsx	/rewards?tab=predict	MISLABELLED - not backend-blocked; BUILT, mounted and already measured. src/components/predict/rewards/OpenOrdersTable.tsx renders the five frame column headings over RewardsUnavailable, with widths measured off 8937:48774: Market 334 / Filled 85 / Total 131 / Expiration 100 / Action 170 right-aligned, Manrope 14/18 tracking -0.04em, wrap-not-hide below lg. The CPMM/no-book fact is re-confirmed (k_invariant on outcome_markets; to_regclass NULL for every order relation, 2026-08-27) but that is precisely what the panel already SAYS. Per Casey ruling 2026-08-26 an honest offline state is the deliverable, so there is no scheduled build work left here - a measurement lane should re-check 375 and 768 and promote.
Skai > Predict > Rewards > Open orders 1VH (375x812px) [10640-30558]	partial	src/components/predict/rewards/OpenOrdersTable.tsx	/rewards?tab=predict	MISLABELLED - not backend-blocked; BUILT, mounted and already measured. src/components/predict/rewards/OpenOrdersTable.tsx renders the five frame column headings over RewardsUnavailable, with widths measured off 8937:48774: Market 334 / Filled 85 / Total 131 / Expiration 100 / Action 170 right-aligned, Manrope 14/18 tracking -0.04em, wrap-not-hide below lg. The CPMM/no-book fact is re-confirmed (k_invariant on outcome_markets; to_regclass NULL for every order relation, 2026-08-27) but that is precisely what the panel already SAYS. Per Casey ruling 2026-08-26 an honest offline state is the deliverable, so there is no scheduled build work left here - a measurement lane should re-check 375 and 768 and promote.
Skai > Predict > sample market - all expanded > Add rewards 1VH (1440 x 900px) [8909-138276]	blocked-on-backend	-	-	STILL BLOCKED. Object probe 2026-08-27: to_regclass is NULL for market_reward_sponsorships, market_rewards, predict_rewards and sponsorships; pg_proc in public has no function matching sponsor% or market_reward% (only 2 unrelated hits: house_bot_odds_rollup, update_ai_limit_orders_updated_at). Unlike a dead read feed this is a WRITE path - the user deposits funds to sponsor a market - so an honest offline state does NOT unblock it; there is nowhere for the money to land. Needs a sponsorship relation plus a payout rail. SEPARATE ESCALATION: the modal denominates in SKAI ("Balance: 999.11 SKAI") and brief section 11 is POINTS and sUSD only, so a currency ruling is needed whatever happens to the relation.
Skai > Predict > sample market - all expanded > Add rewards 1VH (1440 x 900px) [8909-140523]	blocked-on-backend	-	-	STILL BLOCKED. Object probe 2026-08-27: to_regclass is NULL for market_reward_sponsorships, market_rewards, predict_rewards and sponsorships; pg_proc in public has no function matching sponsor% or market_reward% (only 2 unrelated hits: house_bot_odds_rollup, update_ai_limit_orders_updated_at). Unlike a dead read feed this is a WRITE path - the user deposits funds to sponsor a market - so an honest offline state does NOT unblock it; there is nowhere for the money to land. Needs a sponsorship relation plus a payout rail. SEPARATE ESCALATION: the modal denominates in SKAI ("Balance: 999.11 SKAI") and brief section 11 is POINTS and sUSD only, so a currency ruling is needed whatever happens to the relation.
Skai > Predict > sample market - all expanded > Add rewards 1VH (768x1024px) [10657-233689]	blocked-on-backend	-	-	STILL BLOCKED. Object probe 2026-08-27: to_regclass is NULL for market_reward_sponsorships, market_rewards, predict_rewards and sponsorships; pg_proc in public has no function matching sponsor% or market_reward% (only 2 unrelated hits: house_bot_odds_rollup, update_ai_limit_orders_updated_at). Unlike a dead read feed this is a WRITE path - the user deposits funds to sponsor a market - so an honest offline state does NOT unblock it; there is nowhere for the money to land. Needs a sponsorship relation plus a payout rail. SEPARATE ESCALATION: the modal denominates in SKAI ("Balance: 999.11 SKAI") and brief section 11 is POINTS and sUSD only, so a currency ruling is needed whatever happens to the relation.
Skai > Predict > sample market - all expanded > Add rewards 1VH (768x1024px) [10657-234017]	blocked-on-backend	-	-	STILL BLOCKED. Object probe 2026-08-27: to_regclass is NULL for market_reward_sponsorships, market_rewards, predict_rewards and sponsorships; pg_proc in public has no function matching sponsor% or market_reward% (only 2 unrelated hits: house_bot_odds_rollup, update_ai_limit_orders_updated_at). Unlike a dead read feed this is a WRITE path - the user deposits funds to sponsor a market - so an honest offline state does NOT unblock it; there is nowhere for the money to land. Needs a sponsorship relation plus a payout rail. SEPARATE ESCALATION: the modal denominates in SKAI ("Balance: 999.11 SKAI") and brief section 11 is POINTS and sUSD only, so a currency ruling is needed whatever happens to the relation.
Skai > Predict > sample market - all expanded > Add rewards 1VH (375x812px) [10640-75727]	blocked-on-backend	-	-	STILL BLOCKED. Object probe 2026-08-27: to_regclass is NULL for market_reward_sponsorships, market_rewards, predict_rewards and sponsorships; pg_proc in public has no function matching sponsor% or market_reward% (only 2 unrelated hits: house_bot_odds_rollup, update_ai_limit_orders_updated_at). Unlike a dead read feed this is a WRITE path - the user deposits funds to sponsor a market - so an honest offline state does NOT unblock it; there is nowhere for the money to land. Needs a sponsorship relation plus a payout rail. SEPARATE ESCALATION: the modal denominates in SKAI ("Balance: 999.11 SKAI") and brief section 11 is POINTS and sUSD only, so a currency ruling is needed whatever happens to the relation.
Skai > Predict > sample market - all expanded > Add rewards 1VH (375x812px) [10640-76274]	blocked-on-backend	-	-	STILL BLOCKED. Object probe 2026-08-27: to_regclass is NULL for market_reward_sponsorships, market_rewards, predict_rewards and sponsorships; pg_proc in public has no function matching sponsor% or market_reward% (only 2 unrelated hits: house_bot_odds_rollup, update_ai_limit_orders_updated_at). Unlike a dead read feed this is a WRITE path - the user deposits funds to sponsor a market - so an honest offline state does NOT unblock it; there is nowhere for the money to land. Needs a sponsorship relation plus a payout rail. SEPARATE ESCALATION: the modal denominates in SKAI ("Balance: 999.11 SKAI") and brief section 11 is POINTS and sUSD only, so a currency ruling is needed whatever happens to the relation.
Comments module - with pages and dropdown [8657-53763]	blocked-on-backend	src/components/predict/CommentsModule.tsx	-	STILL BLOCKED, but the fix is one file that is already written. Object probe 2026-08-27: to_regclass('public.predict_comments') IS NULL and supabase_migrations.schema_migrations holds NO row for version 20260718200000 - ledger and object AGREE, so this is a genuinely pending migration, not the row-exists-object-missing landmine. supabase/migrations/20260718200000_predict_comments.sql is committed in the tree (table + constraint predict_comments_user_id_fkey + index + RLS). The client is already wired: commentsService.ts queries predict_comments at :182/:249/:283, and moduleDataSources.ts classifies PGRST205/42P01 as not-deployed so the UI self-corrects the day it is applied. CommentsModule.tsx (497 lines) is imported by nothing. Fix = apply that one migration; no client change.
Skai > Predict > Sports live - full (375x812px) [10597-63994]	not-started	-	-	UNBLOCKED against an honest offline state - and the recorded blocker is a FRAME MISREAD. Measured 10597:64475 node by node: each card is 343x214 with TWO competitor rows (Frame 1213 "Winter bear", Frame 1214 "Level up"), and each row carries THREE 101x30 price chips at x=0/109/218, the middle reading "+1.5 35c" which is a SPREAD. That is two outcomes x three MARKET TYPES (moneyline / spread / total), not a three-outcome home-draw-away quote; there is no draw row anywhere in the frame. The sportsbook rail already models exactly this: sports_bets carries bet_type text, selection INTEGER, odds numeric, market_name, selection_name, is_parlay/parlay_legs/combined_odds, and edge fn odds-proxy whitelists precisely h2h + spreads + totals. What IS dead is the FEED: odds-proxy answers HTTP 401 UPSTREAM_UNAUTHORIZED for soccer_epl, upcoming and basketball_nba (probed 2026-08-27, so the secret is set but the key is revoked), and sports_chain_events last recorded odds 2026-04-25 with max start_time 2026-08-06 across 568 rows. Per Casey ruling 2026-08-26 that absence is an ENABLER: build the board against an explicit offline state. Also measured: Header-mobile 375x82 and Bottom-navigation-mobile 375x54 are present in-frame, and the 74%/40% readouts are hidden=true so they are not part of the spec.
Skai > Predict > Sports live - full (768 x 1024px) [10654-203686]	not-started	-	-	UNBLOCKED against an honest offline state - and the recorded blocker is a FRAME MISREAD. Measured 10597:64475 node by node: each card is 343x214 with TWO competitor rows (Frame 1213 "Winter bear", Frame 1214 "Level up"), and each row carries THREE 101x30 price chips at x=0/109/218, the middle reading "+1.5 35c" which is a SPREAD. That is two outcomes x three MARKET TYPES (moneyline / spread / total), not a three-outcome home-draw-away quote; there is no draw row anywhere in the frame. The sportsbook rail already models exactly this: sports_bets carries bet_type text, selection INTEGER, odds numeric, market_name, selection_name, is_parlay/parlay_legs/combined_odds, and edge fn odds-proxy whitelists precisely h2h + spreads + totals. What IS dead is the FEED: odds-proxy answers HTTP 401 UPSTREAM_UNAUTHORIZED for soccer_epl, upcoming and basketball_nba (probed 2026-08-27, so the secret is set but the key is revoked), and sports_chain_events last recorded odds 2026-04-25 with max start_time 2026-08-06 across 568 rows. Per Casey ruling 2026-08-26 that absence is an ENABLER: build the board against an explicit offline state. Also measured: Header-mobile 375x82 and Bottom-navigation-mobile 375x54 are present in-frame, and the 74%/40% readouts are hidden=true so they are not part of the spec.
Skai > Predict > Sports live 1VH (768 x 1024px) [10654-206593]	not-started	-	-	UNBLOCKED against an honest offline state - and the recorded blocker is a FRAME MISREAD. Measured 10597:64475 node by node: each card is 343x214 with TWO competitor rows (Frame 1213 "Winter bear", Frame 1214 "Level up"), and each row carries THREE 101x30 price chips at x=0/109/218, the middle reading "+1.5 35c" which is a SPREAD. That is two outcomes x three MARKET TYPES (moneyline / spread / total), not a three-outcome home-draw-away quote; there is no draw row anywhere in the frame. The sportsbook rail already models exactly this: sports_bets carries bet_type text, selection INTEGER, odds numeric, market_name, selection_name, is_parlay/parlay_legs/combined_odds, and edge fn odds-proxy whitelists precisely h2h + spreads + totals. What IS dead is the FEED: odds-proxy answers HTTP 401 UPSTREAM_UNAUTHORIZED for soccer_epl, upcoming and basketball_nba (probed 2026-08-27, so the secret is set but the key is revoked), and sports_chain_events last recorded odds 2026-04-25 with max start_time 2026-08-06 across 568 rows. Per Casey ruling 2026-08-26 that absence is an ENABLER: build the board against an explicit offline state. Also measured: Header-mobile 375x82 and Bottom-navigation-mobile 375x54 are present in-frame, and the 74%/40% readouts are hidden=true so they are not part of the spec.
Skai > Predict > Sports live 1VH (375x812px) [10597-64475]	not-started	-	-	UNBLOCKED against an honest offline state - and the recorded blocker is a FRAME MISREAD. Measured 10597:64475 node by node: each card is 343x214 with TWO competitor rows (Frame 1213 "Winter bear", Frame 1214 "Level up"), and each row carries THREE 101x30 price chips at x=0/109/218, the middle reading "+1.5 35c" which is a SPREAD. That is two outcomes x three MARKET TYPES (moneyline / spread / total), not a three-outcome home-draw-away quote; there is no draw row anywhere in the frame. The sportsbook rail already models exactly this: sports_bets carries bet_type text, selection INTEGER, odds numeric, market_name, selection_name, is_parlay/parlay_legs/combined_odds, and edge fn odds-proxy whitelists precisely h2h + spreads + totals. What IS dead is the FEED: odds-proxy answers HTTP 401 UPSTREAM_UNAUTHORIZED for soccer_epl, upcoming and basketball_nba (probed 2026-08-27, so the secret is set but the key is revoked), and sports_chain_events last recorded odds 2026-04-25 with max start_time 2026-08-06 across 568 rows. Per Casey ruling 2026-08-26 that absence is an ENABLER: build the board against an explicit offline state. Also measured: Header-mobile 375x82 and Bottom-navigation-mobile 375x54 are present in-frame, and the 74%/40% readouts are hidden=true so they are not part of the spec.
Path 2 - Alternate Team [3450-66619]	frame-defect	-	-	MISLABELLED - the frame is a TWO-outcome ticket, measured. In 3447:66317 the "Market direction" frame 3447:66336 holds EXACTLY TWO CTA/button instances, 192x40 at x=4 and x=204; sibling 3450:66619 is the same 432x464 ticket with the other side picked (3450:66638, two 192x40 buttons). Fixture text reads "SPO 1 vs ARS" with selection "Arsenal (ARS)" / "Sporting (SPO 1)". Home/draw/away was never asked for, so "no SKAI venue is three-outcome" does not apply - and sports_bets.selection is an integer carrying odds + selection_name, which already models a two-team pick. The real defect is the CURRENCY: the amount row reads SKAI with "Balance: 999.11 SKAI" and a $23.80 / $1.00 secondary, which brief section 11 forbids (POINTS and sUSD only). This needs a currency correction on the frame, not a backend.
Path 2 - Main Team [3447-66317]	frame-defect	-	-	MISLABELLED - the frame is a TWO-outcome ticket, measured. In 3447:66317 the "Market direction" frame 3447:66336 holds EXACTLY TWO CTA/button instances, 192x40 at x=4 and x=204; sibling 3450:66619 is the same 432x464 ticket with the other side picked (3450:66638, two 192x40 buttons). Fixture text reads "SPO 1 vs ARS" with selection "Arsenal (ARS)" / "Sporting (SPO 1)". Home/draw/away was never asked for, so "no SKAI venue is three-outcome" does not apply - and sports_bets.selection is an integer carrying odds + selection_name, which already models a two-team pick. The real defect is the CURRENCY: the amount row reads SKAI with "Balance: 999.11 SKAI" and a $23.80 / $1.00 secondary, which brief section 11 forbids (POINTS and sUSD only). This needs a currency correction on the frame, not a backend.
