13008-26952	Directory
13008-26957	Directory
13008-26962	Directory
13008-26967	Breakpoint
13008-26969	Breakpoint
13008-26971	Breakpoint
13008-26973	Breakpoint
13008-26975	Breakpoint
13008-26977	Breakpoint
13008-26979	Breakpoint
13008-26981	Breakpoint
13008-26983	Breakpoint
13008-26985	Skai > Wallet > continue on web > home 1VH (1440 x 900px)
13008-27159	Quick actions - expanded - select favourite items
13008-27250	Quick actions - expanded - select favourite items
13008-27341	Skai > Wallet > continue on web > home 1VH (1440 x 900px)
13008-27515	Skai > Wallet > continue on web > home 1VH (1440 x 900px)
13008-27689	Skai > Wallet > continue on web > home > account 1VH (1440 x 900px)
13008-27781	Skai > Wallet > continue on web > home > account > logout 1VH (1440 x 900px)
13008-27879	Skai > Wallet > continue on web > home > account > edit 1VH (1440 x 900px)
13008-27989	Skai > Wallet > continue on web > home > notifications 1VH (1440 x 900px)
13008-28216	Skai > Wallet > continue on web > home > notifications - settings 1VH (1440 x 900px)
13008-28402	Skai > Wallet > continue on web > home > notifications - sample notification 1VH (1440 x 900px)
13008-28453	Skai > Wallet > continue on web > home > streaks 1VH (1440 x 900px)
13008-28652	Streak card - Coral ALT
13008-28694	Skai > Wallet > continue on web > home >  buy 1VH (1440 x 900px)
13008-28765	Skai > Wallet > continue on web > home >  swap 1VH (1440 x 900px)
13008-28886	Skai > Wallet > continue on web > home > chart 1VH (1440 x 900px)
13008-29014	Skai > Wallet > continue on web > home > bridge 1VH (1440 x 900px)
13008-29130	Bridge screen - error
13008-29226	Skai > Wallet > continue on web > home > bridge > Start bridge 1VH (1440 x 900px)
13008-29347	Skai > Wallet > continue on web > home > bridge > Start bridge > Post wallet interaction 1VH (1440 x 900px)
13008-29525	Bridge screen - error
13008-29589	Skai > Wallet > continue on web > home > bridge 1VH (1440 x 900px)
13008-29693	Skai > Wallet > continue on web > home > bridge > bridge settings 1VH (1440 x 900px)
13008-29837	Skai > Wallet > continue on web > home > insights 1VH (1440 x 900px)
13008-30018	Skai > Wallet > continue on web > home > share 1VH (1440 x 900px)
13008-30834	Skai > Wallet > continue on web > home > share - 3rd combination 1VH (1440 x 900px)
13008-31653	Skai > Wallet > continue on web > home > share - Expand 1VH (1440 x 900px)
13008-32486	Normal
13008-33202	Night
13008-33918	Light
13008-34634	Gradient
13008-35350	Skai > Wallet > continue on web > home > share - 2nd combination 1VH (1440 x 900px)
13008-36166	Skai > Wallet > continue on web > home > spending 1VH (1440 x 900px)
13008-36367	Skai > Wallet > continue on web > home > Approvals 1VH (1440 x 900px)
13008-36562	Skai > Wallet > continue on web > home > request with QR - step 1 1VH (1440 x 900px)
13008-36677	Skai > Wallet > continue on web > home > batch - step 1 1VH (1440 x 900px)
13008-36788	input/primary-inputs
13008-36789	Skai > Wallet > continue on web > home > batch - step 2 1VH (1440 x 900px)
13008-36913	Accounts to send - error
13008-36985	Skai > Wallet > continue on web > home > batch - step 2b 1VH (1440 x 900px)
13008-37111	Skai > Wallet > continue on web > home > batch - step 2b > input amount 1VH (1440 x 900px)
13008-37287	Skai > Wallet > continue on web > home > batch - step 3 1VH (1440 x 900px)
13008-37430	Skai > Wallet > continue on web > home > request from user - step 1 1VH (1440 x 900px)
13008-37523	Skai > Wallet > continue on web > home > request with QR - step 2 1VH (1440 x 900px)
13008-37621	Skai > Wallet > continue on web > home > request from user - step 2 1VH (1440 x 900px)
13008-37719	Token allocation - single select
13008-37778	Token allocation - empty
13008-37821	Simple Chart line - target
13008-37871	Simple Chart line with x and y
13008-37942	Skai > Wallet > continue on web > home >  send - step 1 1VH (1440 x 900px)
13008-38053	Skai > Wallet > continue on web > home > receive - step 1 1VH (1440 x 900px)
13008-38161	Skai > Wallet > continue on web > home > receive - set amount 1VH (1440 x 900px)
13008-38248	Skai > Wallet > continue on web > home > receive - step 2 1VH (1440 x 900px)
13008-38381	Skai > Wallet > continue on web > home > receive - set amount - step 2 1VH (1440 x 900px)
13008-38514	Skai > Wallet > continue on web > home >  send - step 2 1VH (1440 x 900px)
13008-38622	Skai > Wallet > continue on web > home >  send - step 2 > Address lookup 1VH (1440 x 900px)
13008-38846	dropdown - start scroll
13008-38964	Skai > Wallet > continue on web > home >  send - step 3 1VH (1440 x 900px)
13008-39066	Skai > Wallet > continue on web > home >  send - processing 1VH (1440 x 900px)
13008-39188	Details - Populated
13008-39237	Quick actions - Truncated
13008-39274	Rectangle 155
13008-39275	Rectangle 156
13008-39276	Rectangle 157
13008-39277	Notes
13008-39301	Notes
13008-39325	Notes
13008-39349	Rectangle 159
13008-39350	Rectangle 160
13008-39351	Rectangle 161
13008-39352	Notes
13008-39376	Skai > Wallet > continue on web > home 1VH (768 x 1024px)
13008-39537	Skai > Wallet > continue on web > home > buy 1VH (768 x 1024px)
13008-39596	Skai > Wallet > continue on web > home > swap 1VH (768 x 1024px)
13008-39705	Skai > Wallet > continue on web > home > send - step 1 1VH (768 x 1024px)
13008-39805	Skai > Wallet > continue on web > home > send - step 2 1VH (768 x 1024px)
13008-39901	Details - Populated
13008-39950	Skai > Wallet > continue on web > home > send - step 2 > Address lookup 1VH (768 x 1024px)
13008-40163	Skai > Wallet > continue on web > home > send - step 3 1VH (768 x 1024px)
13008-40253	Skai > Wallet > continue on web > home > send - processing 1VH (768 x 1024px)
13008-40363	Skai > Wallet > continue on web > home > receive - step 1 1VH (768 x 1024px)
13008-40459	Skai > Wallet > continue on web > home > receive - step 2 1VH (768 x 1024px)
13008-40580	Skai > Wallet > continue on web > home > receive - set amount - step 1 1VH (768 x 1024px)
13008-40655	Skai > Wallet > continue on web > home > receive - set amount - step 2 1VH (768 x 1024px)
13008-40776	dropdown - start scroll
13008-40894	Skai > Wallet > continue on web > home 1VH (375 x 812px)
13008-41058	Quick actions - expanded - select favourite items
13008-41128	Quick actions - Truncated
13008-41149	Skai > Wallet > continue on web > home > buy 1VH (375 x 812px)
13008-41206	Skai > Wallet > continue on web > home > swap 1VH (375 x 812px)
13008-41316	Skai > Wallet > continue on web > home > send - step 1 1VH (375 x 812px)
13008-41418	Skai > Wallet > continue on web > home > send - step 1 - alternative view for steps 1VH (375 x 812px)
13008-41510	Skai > Wallet > continue on web > home > send - step 2 1VH (375 x 812px)
13008-41606	Details - Populated
13008-41655	Skai > Wallet > continue on web > home > send - step 2 > Address lookup 1VH (375 x 812px)
13008-41886	dropdown - start scroll
13008-42013	Skai > Wallet > continue on web > home > send - step 3 1VH (375 x 812px)
13008-42103	Skai > Wallet > continue on web > home > send - processing 1VH (375 x 812px)
13008-42213	Skai > Wallet > continue on web > home > receive - step 1 1VH (375 x 812px)
13008-42309	Skai > Wallet > continue on web > home > receive - step 2 1VH (375 x 812px)
13008-42427	Skai > Wallet > continue on web > home > receive - set amount - step 1 1VH (375 x 812px)
13008-42502	Skai > Wallet > continue on web > home > receive - set amount - step 2 1VH (375 x 812px)
13008-42620	Skai > Wallet > continue on web > home > streaks 1VH (768 x 1024px)
13008-42806	Skai > Wallet > continue on web > home > notifications 1VH (768 x 1024px)
13008-43020	Skai > Wallet > continue on web > home > notifications - sample notification 1VH (768 x 1024px)
13008-43059	Skai > Wallet > continue on web > home > account 1VH (768 x 1024px)
13008-43139	Skai > Wallet > continue on web > home > account > edit 1VH (768 x 1024px)
13008-43223	Skai > Wallet > continue on web > home > account > logout 1VH (768 x 1024px)
13008-43295	Skai > Wallet > continue on web > home > notifications - settings 1VH (768 x 1024px)
13008-43468	Skai > Wallet > continue on web > home > streaks 1VH (768 x 1024px)
13008-43688	Skai > Wallet > continue on web > home > notifications 1VH (768 x 1024px)
13008-43905	Skai > Wallet > continue on web > home > notifications - settings 1VH (768 x 1024px)
13008-44081	Skai > Wallet > continue on web > home > notifications - sample notification 1VH (768 x 1024px)
13008-44120	Skai > Wallet > continue on web > home > account 1VH (768 x 1024px)
13008-44200	Skai > Wallet > continue on web > home > account > edit 1VH (768 x 1024px)
13008-44284	Quick actions - Truncated
13008-44305	Skai > Wallet > continue on web > home > account > logout 1VH (768 x 1024px)
13008-44377	Skai > Wallet > continue on web > home 1VH (768 x 1024px)
13008-44538	Skai > Wallet > continue on web > home > Approvals 1VH (768 x 1024px)
13008-44719	Skai > Wallet > continue on web > home > chart 1VH (768 x 1024px)
13008-44835	Skai > Wallet > continue on web > home > insights 1VH (768 x 1024px)
13008-45006	Skai > Wallet > continue on web > home > spending 1VH (768 x 1024px)
13008-45196	Skai > Wallet > continue on web > home > request with QR - step 1 1VH (768 x 1024px)
13008-45303	Skai > Wallet > continue on web > home > request with QR - step 2 1VH (768 x 1024px)
13008-45389	Skai > Wallet > continue on web > home > request from user - step 1 1VH (768 x 1024px)
13008-45470	Skai > Wallet > continue on web > home > request from user - step 2 1VH (768 x 1024px)
13008-45556	Skai > Wallet > continue on web > home > share 1VH (768 x 1024px)
13008-46361	Skai > Wallet > continue on web > home > share - 2nd combination 1VH (768 x 1024px)
13008-47166	Skai > Wallet > continue on web > home > share - 3rd combination 1VH (768 x 1024px)
13008-47971	Skai > Wallet > continue on web > home > share - Expand 1VH (768 x 1024px)
13008-48792	Skai > Wallet > continue on web > home > bridge 1VH (768 x 1024px)
13008-48896	Skai > Wallet > continue on web > home > bridge > Start bridge 1VH (768 x 1024px)
13008-49026	Skai > Wallet > continue on web > home > bridge > bridge settings 1VH (768 x 1024px)
13008-49184	Skai > Wallet > continue on web > home > bridge 1VH (768 x 1024px)
13008-49276	Skai > Wallet > continue on web > home > batch - step 1 1VH (768 x 1024px)
13008-49375	Skai > Wallet > continue on web > home > batch - step 2 1VH (768 x 1024px)
13008-49487	Accounts to send - error
13008-49582	Skai > Wallet > continue on web > home > batch - step 2b 1VH (768 x 1024px)
13008-49696	Skai > Wallet > continue on web > home > batch - step 2b > input amount 1VH (768 x 1024px)
13008-49869	Skai > Wallet > continue on web > home > batch - step 3 1VH (768 x 1024px)
13008-50000	Skai > Wallet > continue on web > home > bridge > Start bridge > Post wallet interaction 1VH (768 x 1024px)
13008-50167	Skai > Wallet > continue on web > home 1VH (375 x 812px)
13008-50331	Skai > Wallet > continue on web > home > Approvals 1VH (375 x 812px)
13008-50515	Skai > Wallet > continue on web > home > chart 1VH (375 x 812px)
13008-50631	Skai > Wallet > continue on web > home > insights 1VH (375 x 812px)
13008-50806	Skai > Wallet > continue on web > home > spending 1VH (375 x 812px)
13008-50999	Skai > Wallet > continue on web > home > request with QR - step 1 1VH (375 x 812px)
13008-51102	Skai > Wallet > continue on web > home > request with QR - step 2 1VH (375 x 812px)
13008-51185	Skai > Wallet > continue on web > home > request from user - step 1 1VH (375 x 812px)
13008-51266	Skai > Wallet > continue on web > home > request from user - step 2 1VH (375 x 812px)
13008-51352	Skai > Wallet > continue on web > home > share 1VH (375 x 812px)
13008-52163	Skai > Wallet > continue on web > home > share - 2nd combination 1VH (375 x 812px)
13008-52960	Skai > Wallet > continue on web > home > share - 3rd combination 1VH (375 x 812px)
13008-53758	Skai > Wallet > continue on web > home > bridge 1VH (375 x 812px)
13008-53868	Bridge screen - error
13008-53976	Skai > Wallet > continue on web > home > bridge > Start bridge 1VH (375 x 812px)
13008-54086	Skai > Wallet > continue on web > home > bridge > bridge settings 1VH (375 x 812px)
13008-54216	Skai > Wallet > continue on web > home > bridge 1VH (375 x 812px)
13008-54309	Skai > Wallet > continue on web > home > bridge 1VH (375 x 812px)
13008-54402	Skai > Wallet > continue on web > home > batch - step 1 1VH (375 x 812px)
13008-54502	Skai > Wallet > continue on web > home > batch - step 1 1VH (375 x 812px)
13008-54602	Skai > Wallet > continue on web > home > batch - step 2 1VH (375 x 812px)
13008-54715	Accounts to send - error
13008-54783	Skai > Wallet > continue on web > home > batch - step 2b 1VH (375 x 812px)
13008-54898	Skai > Wallet > continue on web > home > batch - step 2b > input amount 1VH (375 x 812px)
13008-55063	Skai > Wallet > continue on web > home > batch - step 3 1VH (375 x 812px)
13008-55195	Skai > Wallet > continue on web > home > bridge > Start bridge > Post wallet interaction 1VH (375 x 812px)
13008-55360	Skai > Wallet > continue on web > home 1VH (768 x 1024px)
13008-55521	Skai > Wallet > continue on web > home 1VH (768 x 1024px)
13008-55685	Frame 1129
